[{"model": "admin.logentry", "pk": 3, "fields": {"action_time": "2023-11-10T09:58:46.891Z", "user": 1, "content_type": 3, "object_id": "2", "object_repr": "ADMIN", "action_flag": 1, "change_message": "[{\"added\": {}}]"}}, {"model": "admin.logentry", "pk": 4, "fields": {"action_time": "2023-11-10T10:03:16.356Z", "user": 1, "content_type": 3, "object_id": "3", "object_repr": "MANAGER", "action_flag": 1, "change_message": "[{\"added\": {}}]"}}, {"model": "admin.logentry", "pk": 5, "fields": {"action_time": "2023-11-10T10:03:56.201Z", "user": 1, "content_type": 3, "object_id": "4", "object_repr": "GARDENER", "action_flag": 1, "change_message": "[{\"added\": {}}]"}}, {"model": "admin.logentry", "pk": 6, "fields": {"action_time": "2023-11-10T10:04:12.479Z", "user": 1, "content_type": 3, "object_id": "5", "object_repr": "TECHNICAL_EMPLOYEE", "action_flag": 1, "change_message": "[{\"added\": {}}]"}}, {"model": "admin.logentry", "pk": 7, "fields": {"action_time": "2023-11-10T10:04:34.877Z", "user": 1, "content_type": 3, "object_id": "6", "object_repr": "NON_TECHNICAL_EMPLOYEE", "action_flag": 1, "change_message": "[{\"added\": {}}]"}}, {"model": "admin.logentry", "pk": 9, "fields": {"action_time": "2023-11-27T01:44:25.362Z", "user": 1, "content_type": 3, "object_id": "2", "object_repr": "ADMIN", "action_flag": 2, "change_message": "[{\"changed\": {\"fields\": [\"Permissions\"]}}]"}}, {"model": "admin.logentry", "pk": 10, "fields": {"action_time": "2023-11-27T01:45:26.721Z", "user": 1, "content_type": 3, "object_id": "4", "object_repr": "GARDENER", "action_flag": 2, "change_message": "[{\"changed\": {\"fields\": [\"Permissions\"]}}]"}}, {"model": "admin.logentry", "pk": 11, "fields": {"action_time": "2023-11-27T01:46:46.996Z", "user": 1, "content_type": 3, "object_id": "3", "object_repr": "MANAGER", "action_flag": 2, "change_message": "[{\"changed\": {\"fields\": [\"Permissions\"]}}]"}}, {"model": "admin.logentry", "pk": 12, "fields": {"action_time": "2023-11-27T01:47:17.137Z", "user": 1, "content_type": 3, "object_id": "6", "object_repr": "NON_TECHNICAL_EMPLOYEE", "action_flag": 2, "change_message": "[{\"changed\": {\"fields\": [\"Permissions\"]}}]"}}, {"model": "admin.logentry", "pk": 13, "fields": {"action_time": "2023-12-05T01:42:38.326Z", "user": 1, "content_type": 3, "object_id": "6", "object_repr": "NON_TECHNICAL_EMPLOYEE", "action_flag": 2, "change_message": "[{\"changed\": {\"fields\": [\"Permissions\"]}}]"}}, {"model": "admin.logentry", "pk": 14, "fields": {"action_time": "2023-12-05T01:42:40.483Z", "user": 1, "content_type": 3, "object_id": "3", "object_repr": "MANAGER", "action_flag": 2, "change_message": "[{\"changed\": {\"fields\": [\"Permissions\"]}}]"}}, {"model": "auth.group", "pk": 2, "fields": {"name": "ADMIN", "permissions": [1, 2, 3, 4, 9, 10, 11, 12, 5, 6, 7, 8, 21, 22, 23, 24, 25, 26, 27, 28, 13, 14, 15, 16, 29, 30, 31, 32, 41, 42, 43, 44, 45, 46, 47, 48, 49, 50, 51, 52, 53, 54, 55, 56, 33, 34, 35, 36, 37, 38, 39, 40, 17, 18, 19, 20]}}, {"model": "auth.group", "pk": 3, "fields": {"name": "MANAGER", "permissions": [29, 30, 31, 32, 41, 42, 43, 44, 81, 82, 83, 84, 45, 46, 47, 48, 49, 50, 51, 52, 53, 54, 55, 56, 33, 34, 35, 36, 37, 38, 39, 40]}}, {"model": "auth.group", "pk": 4, "fields": {"name": "GARDENER", "permissions": [56]}}, {"model": "auth.group", "pk": 5, "fields": {"name": "TECHNICAL_EMPLOYEE", "permissions": []}}, {"model": "auth.group", "pk": 6, "fields": {"name": "NON_TECHNICAL_EMPLOYEE", "permissions": [41, 42, 43, 44, 81, 82, 83, 84, 45, 46, 47, 48, 49, 50, 51, 52, 53, 54, 55, 56, 33, 34, 35, 36, 37, 38, 39, 40]}}, {"model": "sessions.session", "pk": "0f1l6piri3xoqoph6ioieyzyp2nxvfyn", "fields": {"session_data": ".eJxVjEEOgjAQRe_StWk60Kng0j1naGY6U0ENTSisjHdXEha6_e-9_zKRtnWMW9UlTmIuBszpd2NKD513IHeab8WmMq_LxHZX7EGrHYro83q4fwcj1fFbo28IUoc9QNAezi5hq8wMXpz30LQZBZqAWRQxqMc-CGd2msjlDpx5fwDE5jeN:1r1OGd:dmcVeZd13gDlgQlbiuxu8IgEtkiRFaEKi48bbyp0b8A", "expire_date": "2023-11-24T09:57:35.076Z"}}, {"model": "sessions.session", "pk": "0wxld8y10kkvowcycvecpil6rn1cvee7", "fields": {"session_data": ".eJxVjDkOwjAUBe_iGlleEjuhpOcM1l_8cQAlUpxUiLuDpRTQzsx7L5Vg30raa17TxOqsrDr9MgR65LkJvsN8WzQt87ZOqFuiD1v1deH8vBzt30GBWr5r8uI7NL13MAYQiCijz10QAGejdUwsDUUagjCiYS-9c8YgEg2dqPcHBPc5EA:1qvIKj:yrBE8Pe-kht1Amy3x-S_m4Hi31oGWyusLl3wuXnMZqE", "expire_date": "2023-11-07T14:24:37.446Z"}}, {"model": "sessions.session", "pk": "65zn3yin7j1ybfsaxysud1y1sd1ggkvg", "fields": {"session_data": ".eJxVjDkOwjAUBe_iGlleEjuhpOcM1l_8cQAlUpxUiLuDpRTQzsx7L5Vg30raa17TxOqsrDr9MgR65LkJvsN8WzQt87ZOqFuiD1v1deH8vBzt30GBWr5r8uI7NL13MAYQiCijz10QAGejdUwsDUUagjCiYS-9c8YgEg2dqPcHBPc5EA:1qvL00:eKlzWOBrZYiSHUzrS4jgwp4Rvblz3K9wOXnDfW9-fgY", "expire_date": "2023-11-07T17:15:24.024Z"}}, {"model": "sessions.session", "pk": "gf0wfyppyrzkntun6159l3ran8g6g6fw", "fields": {"session_data": ".eJxVjEEOgjAQRe_StWk60Kng0j1naGY6U0ENTSisjHdXEha6_e-9_zKRtnWMW9UlTmIuBszpd2NKD513IHeab8WmMq_LxHZX7EGrHYro83q4fwcj1fFbo28IUoc9QNAezi5hq8wMXpz30LQZBZqAWRQxqMc-CGd2msjlDpx5fwDE5jeN:1r7QfT:GR2fw6qJyJzM4SfQU3HT8ntwmHkksDv3bI9So3OhTwE", "expire_date": "2023-12-11T01:44:11.086Z"}}, {"model": "authtoken.token", "pk": "b8b163b177c13773c66667414e3ae2d721318a92", "fields": {"user": 3, "created": "2023-10-24T17:16:24.747Z"}}, {"model": "rodManager.account", "pk": 1, "fields": {"password": "pbkdf2_sha256$600000$HRG7NzhZ1LsYR5iZ9bAT3J$+RvrEFPP9ymvyEdoOzLre9YFGSL6uvsTiHK7jTwsh+o=", "last_login": "2023-11-27T01:44:11.060Z", "is_superuser": true, "first_name": "Admin", "last_name": "Adminowski", "is_staff": true, "is_active": true, "date_joined": "2023-10-24T14:24:23.285Z", "email": "admin@admin.admin", "phone": null, "created_by_google": false, "groups": [2, 4], "user_permissions": []}}, {"model": "rodManager.account", "pk": 3, "fields": {"password": "pbkdf2_sha256$600000$8lXmzxKO9v2f4mVikfWXKd$xdjfChnPWdbW3WuyQa4vrdB6ULuYgByruljbIP8eJmw=", "last_login": null, "is_superuser": false, "first_name": "User", "last_name": "User", "is_staff": false, "is_active": true, "date_joined": "2023-10-24T14:43:34.955Z", "email": "user@user.user", "phone": "+48123456723", "created_by_google": false, "groups": [4], "user_permissions": []}}, {"model": "rodManager.account", "pk": 5, "fields": {"password": "pbkdf2_sha256$600000$U2kpfT6RcWrc285qcEkRvh$uelJ2rBaRB+DEpr8ajzbBTmWOaOtO23UyLeTBnUmPXk=", "last_login": null, "is_superuser": false, "first_name": "Jan", "last_name": "Kowalski", "is_staff": false, "is_active": true, "date_joined": "2023-11-10T10:08:53.429Z", "email": "manager@manager.manager", "phone": "+48123456789", "created_by_google": false, "groups": [3], "user_permissions": []}}, {"model": "rodManager.account", "pk": 6, "fields": {"password": "pbkdf2_sha256$600000$qchmOf62mcrCZhidJTIbnt$HyvPFk6JLDQVD1OUeHn/pgk+4Pk26+Rh/6jYCxX/qM8=", "last_login": null, "is_superuser": false, "first_name": "Świeżo", "last_name": "Zarejestrowany", "is_staff": false, "is_active": true, "date_joined": "2023-11-10T10:10:19.630Z", "email": "registered@registered.registered", "phone": null, "created_by_google": false, "groups": [], "user_permissions": []}}, {"model": "rodManager.account", "pk": 7, "fields": {"password": "pbkdf2_sha256$600000$BmwOWJbEaA3QrxnSw7YGSy$pGeS7R2odzy+SJBrd6ZHssmkcdnTqVc17YCsYuXvtSc=", "last_login": null, "is_superuser": false, "first_name": "Technical", "last_name": "Employee", "is_staff": false, "is_active": true, "date_joined": "2023-11-10T10:11:03.981Z", "email": "te@te.te", "phone": null, "created_by_google": false, "groups": [5], "user_permissions": []}}, {"model": "rodManager.account", "pk": 8, "fields": {"password": "pbkdf2_sha256$600000$nFzKENh8EyMufazIsAHrcv$xHmMQLC6gWWltqgEwt4y3FEVmzv7bAhF8UIbxEB237M=", "last_login": null, "is_superuser": false, "first_name": "NonTechnical", "last_name": "Employee", "is_staff": false, "is_active": true, "date_joined": "2023-11-10T10:12:22.864Z", "email": "nte@nte.nte", "phone": null, "created_by_google": false, "groups": [6], "user_permissions": []}}, {"model": "rodManager.account", "pk": 9, "fields": {"password": "pbkdf2_sha256$600000$7E06Dfhh9zO4wbB54ibNBR$+Lack748ICRM1mkqd5xr0PGfD0mj9E632CsUhP6a3U4=", "last_login": null, "is_superuser": false, "first_name": "string", "last_name": "string", "is_staff": false, "is_active": true, "date_joined": "2023-11-26T21:46:03.378Z", "email": "user@example.com", "phone": null, "created_by_google": false, "groups": [], "user_permissions": []}}, {"model": "rodManager.account", "pk": 10, "fields": {"password": "pbkdf2_sha256$600000$ksQn9tAUTDt4vUypD5lpmC$1VbDvA9zyaEaiYi/o3BqPbAKuEF5w8Zs/XqvytsY1lc=", "last_login": null, "is_superuser": false, "first_name": "jakub", "last_name": "Roszkowski", "is_staff": false, "is_active": true, "date_joined": "2023-12-13T00:59:54.875Z", "email": "roszkolgaming@gmail.com", "phone": null, "created_by_google": false, "groups": [4], "user_permissions": []}}, {"model": "rodManager.account", "pk": 11, "fields": {"password": "pbkdf2_sha256$600000$1bvKMbRRzUHi0OxPXSXaDa$JekfCJDCF70hUgha3an42kmO71X6gTn802cDHt1BZNw=", "last_login": null, "is_superuser": false, "first_name": "Jan", "last_name": "Kowalski", "is_staff": false, "is_active": true, "date_joined": "2023-12-13T14:34:58.334Z", "email": "jan.kowalski@e.org", "phone": null, "created_by_google": false, "groups": [4], "user_permissions": []}}, {"model": "rodManager.account", "pk": 12, "fields": {"password": "pbkdf2_sha256$600000$9TVt4W5YrDJJNDpg6LI85A$TDsmrVneBOaDyDA7tbYECxUOyPT8VXEupr56WrbVvMw=", "last_login": null, "is_superuser": false, "first_name": "Anna", "last_name": "Nowak", "is_staff": false, "is_active": true, "date_joined": "2023-12-13T14:35:28.621Z", "email": "anna.nowak@e.org", "phone": null, "created_by_google": false, "groups": [4], "user_permissions": []}}, {"model": "rodManager.account", "pk": 13, "fields": {"password": "pbkdf2_sha256$600000$WR5FyAYyloF3SQLMIYu4dF$8u0mH8jbRjecgYVxsfK3Pu9pDvowl4YhvdUEhKVLo+A=", "last_login": null, "is_superuser": false, "first_name": "Piotr", "last_name": "Wiśniewski", "is_staff": false, "is_active": true, "date_joined": "2023-12-13T14:35:50.559Z", "email": "p.wisniewski@e.org", "phone": null, "created_by_google": false, "groups": [], "user_permissions": []}}, {"model": "rodManager.account", "pk": 14, "fields": {"password": "pbkdf2_sha256$600000$3t0SVFWRZHnNEXzPr1fSZ9$fepJ//82fSk4rZ8chenYnXFDzXqWaVkjLaNraOjeqQE=", "last_login": null, "is_superuser": false, "first_name": "Katarzyna", "last_name": "Jankowska", "is_staff": false, "is_active": true, "date_joined": "2023-12-13T14:36:14.322Z", "email": "k.jankowska@e.org", "phone": null, "created_by_google": false, "groups": [4], "user_permissions": []}}, {"model": "rodManager.account", "pk": 15, "fields": {"password": "pbkdf2_sha256$600000$JruLLg9ZDOpIKuBjLqAtr6$f70owEpikNIWdF6s1s05PYIUghmoPqSsqiX0VA2YE4o=", "last_login": null, "is_superuser": false, "first_name": "Michał", "last_name": "Kaczmarek", "is_staff": false, "is_active": true, "date_joined": "2023-12-13T14:36:38.780Z", "email": "michal.kaczmarek@e.org", "phone": null, "created_by_google": false, "groups": [5], "user_permissions": []}}, {"model": "rodManager.account", "pk": 16, "fields": {"password": "pbkdf2_sha256$600000$tCahTOkKosIqpatb2Zp05o$agehBuPfjvIa3LfvZYcyecq4o/3oTPKhmZ5Y56Ct2/M=", "last_login": null, "is_superuser": false, "first_name": "Marta", "last_name": "Lewandowska", "is_staff": false, "is_active": true, "date_joined": "2023-12-13T14:37:07.672Z", "email": "marta_lew@e.org", "phone": null, "created_by_google": false, "groups": [4], "user_permissions": []}}, {"model": "rodManager.account", "pk": 17, "fields": {"password": "pbkdf2_sha256$600000$5Bz94qJzi7v74JOKT18I8o$bB3jk91ZX+FoiphAVahF7uUQOIw0YUTZvgeLeO1g4Vw=", "last_login": null, "is_superuser": false, "first_name": "Łukasz", "last_name": "Nowicki", "is_staff": false, "is_active": true, "date_joined": "2023-12-13T14:37:58.748Z", "email": "lukasz.nowicki@e.org", "phone": "+48546354976", "created_by_google": false, "groups": [4], "user_permissions": []}}, {"model": "rodManager.account", "pk": 18, "fields": {"password": "pbkdf2_sha256$600000$27a6pip0oWwyJj8DNExyne$ldGs+RUSCBy/EwzZ7fACK5iSyYnFFcLfgTLl0/u4f80=", "last_login": null, "is_superuser": false, "first_name": "Ewa", "last_name": "Dąbrowska", "is_staff": false, "is_active": true, "date_joined": "2023-12-13T14:38:19.831Z", "email": "ewa.dabrowska@e.org", "phone": null, "created_by_google": false, "groups": [4], "user_permissions": []}}, {"model": "rodManager.account", "pk": 19, "fields": {"password": "pbkdf2_sha256$600000$0jmv3oihegzWCcMPnWDWWe$QAN0FRpOBZbyiuL4CU53fzRC5mfPiqOrZB8CpiunDl4=", "last_login": null, "is_superuser": false, "first_name": "Marcin", "last_name": "Wójcik", "is_staff": false, "is_active": true, "date_joined": "2023-12-13T14:38:44.400Z", "email": "marcin.wojcik@e.org", "phone": null, "created_by_google": false, "groups": [4], "user_permissions": []}}, {"model": "rodManager.account", "pk": 20, "fields": {"password": "pbkdf2_sha256$600000$YR9HCMtYR2SB1PlxvU2zz6$zLjte7a16ZXfGGCiV0eYZNKNIS+D/VFWbnEjnfezO3E=", "last_login": null, "is_superuser": false, "first_name": "Agnieszka", "last_name": "Zając", "is_staff": false, "is_active": true, "date_joined": "2023-12-13T14:39:09.307Z", "email": "aga.zajac@e.org", "phone": null, "created_by_google": false, "groups": [4], "user_permissions": []}}, {"model": "rodManager.account", "pk": 21, "fields": {"password": "pbkdf2_sha256$600000$s353xMuYlIqd2NYS9VHlNq$dVg/1uXj/WN/0P4rip66/YzTDobZVghLMHeAeDP7Vyw=", "last_login": null, "is_superuser": false, "first_name": "Monika", "last_name": "Adamczyk", "is_staff": false, "is_active": true, "date_joined": "2023-12-13T14:40:09.906Z", "email": "monika.adamczyk@e.org", "phone": "+48765475437", "created_by_google": false, "groups": [3], "user_permissions": []}}, {"model": "rodManager.account", "pk": 22, "fields": {"password": "pbkdf2_sha256$600000$nZ57kqypmFbs8ZclvVghoU$KOpC/p8ogedDO4IVjb4TVRTB4Y7DaT/x2rVX427LQ+A=", "last_login": null, "is_superuser": false, "first_name": "Artur", "last_name": "Kowalczyk", "is_staff": false, "is_active": true, "date_joined": "2023-12-13T14:40:32.166Z", "email": "artur.kowalczyk@e.org", "phone": "+48754747976", "created_by_google": false, "groups": [6], "user_permissions": []}}, {"model": "rodManager.account", "pk": 23, "fields": {"password": "pbkdf2_sha256$600000$1iKoxqq70043ZV1PZEPjmn$G08d5RLi6vokYz5mZdR9nsB5mj6z499OmkgtOOhDCFk=", "last_login": null, "is_superuser": false, "first_name": "Magdalena", "last_name": "Pawlak", "is_staff": false, "is_active": true, "date_joined": "2023-12-13T14:40:56.614Z", "email": "magda.pawlak@e.org", "phone": null, "created_by_google": false, "groups": [], "user_permissions": []}}, {"model": "rodManager.account", "pk": 24, "fields": {"password": "pbkdf2_sha256$600000$20eQaMx7yAjaB1zQTujpqB$pZvMArl7tpaKJf2QMainR97Esi3msErcm2wylnB+Eoo=", "last_login": null, "is_superuser": false, "first_name": "Damian", "last_name": "Grabowski", "is_staff": false, "is_active": true, "date_joined": "2023-12-13T14:41:18.448Z", "email": "damian.grabowski@e.org", "phone": "+48654364876", "created_by_google": false, "groups": [], "user_permissions": []}}, {"model": "rodManager.account", "pk": 25, "fields": {"password": "pbkdf2_sha256$600000$hmkubGaqy1eLzBtKrZeFHj$RxTekAzxE1OUOdkN3mkhVfgZcnn81VjHC9T3Mvaw0Y4=", "last_login": null, "is_superuser": false, "first_name": "Natalia", "last_name": "Gajewska", "is_staff": false, "is_active": true, "date_joined": "2023-12-13T14:41:41.496Z", "email": "natalia.gajewska@e.org", "phone": null, "created_by_google": false, "groups": [4], "user_permissions": []}}, {"model": "rodManager.account", "pk": 26, "fields": {"password": "pbkdf2_sha256$600000$j7lBO9KIjcduMiRUuzl7BZ$tFYKBGeoVT0QL2hs9VPIZDQ86yJhA/f2UniNxu4NMxo=", "last_login": null, "is_superuser": false, "first_name": "Kamil", "last_name": "Woźniak", "is_staff": false, "is_active": true, "date_joined": "2023-12-13T14:43:32.467Z", "email": "kamil.wozniak@e.org", "phone": null, "created_by_google": false, "groups": [4], "user_permissions": []}}, {"model": "rodManager.account", "pk": 27, "fields": {"password": "pbkdf2_sha256$600000$sTxh32QzYxKMtB27VTnmd3$cRXac0Tss5z4IOz5mIwIOVz9M6iv5IqSU223CnNhmWM=", "last_login": null, "is_superuser": false, "first_name": "Sandra", "last_name": "Sikorska", "is_staff": false, "is_active": true, "date_joined": "2023-12-13T14:44:01.422Z", "email": "sandra.sikorska@e.org", "phone": null, "created_by_google": false, "groups": [4], "user_permissions": []}}, {"model": "rodManager.account", "pk": 28, "fields": {"password": "pbkdf2_sha256$600000$rCJFnZpKwvBT86mpRe5Wka$AwjvjFG7M+K+RpufEt2trXNYADbPRH3cBvKbWMhjXYQ=", "last_login": null, "is_superuser": false, "first_name": "Robert", "last_name": "Majewski", "is_staff": false, "is_active": true, "date_joined": "2023-12-13T14:44:21.046Z", "email": "robert.majewski@e.org", "phone": null, "created_by_google": false, "groups": [], "user_permissions": []}}, {"model": "rodManager.account", "pk": 29, "fields": {"password": "pbkdf2_sha256$600000$55HeKF83n2mbPlAZdnjxtm$7AjozE2g3DhA9wgmy1NJWQ9Fy87volUAJ6al/vV+MLc=", "last_login": null, "is_superuser": false, "first_name": "Justyna", "last_name": "Górka", "is_staff": false, "is_active": true, "date_joined": "2023-12-13T14:44:43.761Z", "email": "justyna.gorka@e.org", "phone": null, "created_by_google": false, "groups": [], "user_permissions": []}}, {"model": "rodManager.account", "pk": 30, "fields": {"password": "pbkdf2_sha256$600000$LNIjJP2bNIrxK2QoRJCUCL$ex8syZLMlx31HQqaZBHQcFTMbpc3KT6gBSvKng43Kjo=", "last_login": null, "is_superuser": false, "first_name": "Dawid", "last_name": "Zawadzki", "is_staff": false, "is_active": true, "date_joined": "2023-12-13T14:45:08.137Z", "email": "dawid.zawadzki@e.org", "phone": null, "created_by_google": false, "groups": [4], "user_permissions": []}}, {"model": "rodManager.account", "pk": 31, "fields": {"password": "pbkdf2_sha256$600000$nw1eMuEyPHObSJ0DBSH7rO$9/UJV5fEs3LQ+wDaxZkl1LeYQyNl+S+n6rMPcNZxAYU=", "last_login": null, "is_superuser": false, "first_name": "Emilia", "last_name": "Nowicka", "is_staff": false, "is_active": true, "date_joined": "2023-12-13T14:46:20.189Z", "email": "emilia.nowicka@e.org", "phone": null, "created_by_google": false, "groups": [4], "user_permissions": []}}, {"model": "rodManager.account", "pk": 32, "fields": {"password": "pbkdf2_sha256$600000$9787Rp6rW1fPgyJErsvA9A$Lr+4fl9Wl1TF9Rz2Bj0gqgoKpsAbkqD0Hg78iPtuYZI=", "last_login": null, "is_superuser": false, "first_name": "Łukasz", "last_name": "Kowalczyk", "is_staff": false, "is_active": true, "date_joined": "2023-12-13T14:46:43.005Z", "email": "lukasz.kowalczyk@e.org", "phone": null, "created_by_google": false, "groups": [], "user_permissions": []}}, {"model": "rodManager.account", "pk": 33, "fields": {"password": "pbkdf2_sha256$600000$RKEtaWsYSkD02h6GyCbI8I$5xyOrBdWpi5yOSf3gPHG/BjsK3Ov8m2jJYZ6DFmmyZc=", "last_login": null, "is_superuser": false, "first_name": "Kinga", "last_name": "Jankowska", "is_staff": false, "is_active": true, "date_joined": "2023-12-13T14:47:07.517Z", "email": "kinga.jankowska@e.org", "phone": "+48987654321", "created_by_google": false, "groups": [3], "user_permissions": []}}, {"model": "rodManager.account", "pk": 34, "fields": {"password": "pbkdf2_sha256$600000$VHT8DKMLW1AWbeeEHaLYxb$U8wwmEZm+0ycnF8xUp8u9b/5I/izU93KvEMeYxk3Psc=", "last_login": null, "is_superuser": false, "first_name": "Szymon", "last_name": "Lewandowski", "is_staff": false, "is_active": true, "date_joined": "2023-12-13T14:47:32.949Z", "email": "szymon.lewandowski@e.org", "phone": null, "created_by_google": false, "groups": [], "user_permissions": []}}, {"model": "rodManager.account", "pk": 35, "fields": {"password": "pbkdf2_sha256$600000$pNzg5IuFsGYhesYn55zK50$c3KzNymIEq2sCo4w9q1yP1ph/3ufSr8XRHMaqgKRRQs=", "last_login": null, "is_superuser": false, "first_name": "Oliwia", "last_name": "Dąbrowska", "is_staff": false, "is_active": true, "date_joined": "2023-12-13T14:47:56.460Z", "email": "oliwia.dabrowska@e.org", "phone": "+48325865976", "created_by_google": false, "groups": [4], "user_permissions": []}}, {"model": "rodManager.account", "pk": 36, "fields": {"password": "pbkdf2_sha256$600000$X3nSsUmGAHi2cfghYxbt1K$A2dLs9y6oxYN+rjTLojzoElNqj/lKoDVowlxbGoL1rc=", "last_login": null, "is_superuser": false, "first_name": "Damian", "last_name": "Wójcik", "is_staff": false, "is_active": true, "date_joined": "2023-12-13T14:49:25.572Z", "email": "damian.wojcik@e.org", "phone": "+48566745876", "created_by_google": false, "groups": [4], "user_permissions": []}}, {"model": "rodManager.account", "pk": 37, "fields": {"password": "pbkdf2_sha256$600000$iYBiNKfaPQWSrAbuaVgdlE$ikV4+p6oIEGzkAN1QouzBieA40kp4gGLY67xoHaGtSY=", "last_login": null, "is_superuser": false, "first_name": "Aleksandra", "last_name": "Mazur", "is_staff": false, "is_active": true, "date_joined": "2023-12-13T14:49:45.746Z", "email": "aleksandra.mazur@e.org", "phone": "+48543763275", "created_by_google": false, "groups": [4], "user_permissions": []}}, {"model": "rodManager.account", "pk": 38, "fields": {"password": "pbkdf2_sha256$600000$keUKFmoyBrV40Jtr0cLUog$Wk8k5eJ9PY4QYzeiGt7/VIm66YwBDUJEsncV39Ym/0I=", "last_login": null, "is_superuser": false, "first_name": "Bartosz", "last_name": "Adamczyk", "is_staff": false, "is_active": true, "date_joined": "2023-12-13T14:50:15.009Z", "email": "bartosz.adamczyk@e.org", "phone": null, "created_by_google": false, "groups": [4], "user_permissions": []}}, {"model": "rodManager.account", "pk": 39, "fields": {"password": "pbkdf2_sha256$600000$Vd4ObuTGndK7FaZ3tu6l3p$i/tI8M8QXJXQ43BskY2wDg2dvUHuhLI6+7y8dryhhIY=", "last_login": null, "is_superuser": false, "first_name": "Wiktoria", "last_name": "Zielińska", "is_staff": false, "is_active": true, "date_joined": "2023-12-13T14:50:38.576Z", "email": "wiktoria.zielinska@e.org", "phone": null, "created_by_google": false, "groups": [4], "user_permissions": []}}, {"model": "rodManager.account", "pk": 40, "fields": {"password": "pbkdf2_sha256$600000$rr3kyAjcPaXUfuicuU8vlO$g/Mhq68e3ZO/zR8ypwrXVe7YrzSoslKoPpYZDCFRHbM=", "last_login": null, "is_superuser": false, "first_name": "Paweł", "last_name": "Kwiatkowski", "is_staff": false, "is_active": true, "date_joined": "2023-12-13T14:51:02.805Z", "email": "pawel.kwiatkowski@e.org", "phone": null, "created_by_google": false, "groups": [], "user_permissions": []}}, {"model": "rodManager.garden", "pk": 1, "fields": {"sector": "A", "avenue": "Dębowa", "number": 1, "area": 545.0, "leaseholderID": 38, "status": "niedostępna", "last_leaseholder": null}}, {"model": "rodManager.garden", "pk": 2, "fields": {"sector": "A", "avenue": "Dębowa", "number": 2, "area": 45.0, "leaseholderID": 1, "status": "niedostępna", "last_leaseholder": null}}, {"model": "rodManager.garden", "pk": 3, "fields": {"sector": "A", "avenue": "Dębowa", "number": 3, "area": 54.0, "leaseholderID": 30, "status": "niedostępna", "last_leaseholder": 37}}, {"model": "rodManager.garden", "pk": 4, "fields": {"sector": "A", "avenue": "Świerkowa", "number": 6, "area": 54.0, "leaseholderID": 12, "status": "niedostępna", "last_leaseholder": null}}, {"model": "rodManager.garden", "pk": 5, "fields": {"sector": "B", "avenue": "Akacjowa", "number": 44, "area": 67.0, "leaseholderID": 37, "status": "niedostępna", "last_leaseholder": 31}}, {"model": "rodManager.garden", "pk": 6, "fields": {"sector": "B", "avenue": "Akacjowa", "number": 5, "area": 157.0, "leaseholderID": 17, "status": "niedostępna", "last_leaseholder": null}}, {"model": "rodManager.garden", "pk": 7, "fields": {"sector": "B", "avenue": "Brzozowa", "number": 45, "area": 124.0, "leaseholderID": 16, "status": "niedostępna", "last_leaseholder": null}}, {"model": "rodManager.garden", "pk": 8, "fields": {"sector": "B", "avenue": "Brzozowa", "number": 54, "area": 44.0, "leaseholderID": 27, "status": "niedostępna", "last_leaseholder": null}}, {"model": "rodManager.garden", "pk": 9, "fields": {"sector": "B", "avenue": "Topolowa", "number": 54, "area": 43.0, "leaseholderID": 26, "status": "niedostępna", "last_leaseholder": null}}, {"model": "rodManager.garden", "pk": 10, "fields": {"sector": "B", "avenue": "Topolowa", "number": 57, "area": 154.0, "leaseholderID": null, "status": "dostępna", "last_leaseholder": null}}, {"model": "rodManager.garden", "pk": 11, "fields": {"sector": "C", "avenue": "Jesionowa", "number": 4, "area": 123.0, "leaseholderID": 14, "status": "niedostępna", "last_leaseholder": null}}, {"model": "rodManager.garden", "pk": 12, "fields": {"sector": "C", "avenue": "Jesionowa", "number": 3, "area": 134.0, "leaseholderID": 25, "status": "niedostępna", "last_leaseholder": null}}, {"model": "rodManager.garden", "pk": 13, "fields": {"sector": "C", "avenue": "Wiśniowa", "number": 35, "area": 156.0, "leaseholderID": 36, "status": "niedostępna", "last_leaseholder": null}}, {"model": "rodManager.garden", "pk": 14, "fields": {"sector": "C", "avenue": "Wiśniowa", "number": 34, "area": 143.0, "leaseholderID": 20, "status": "niedostępna", "last_leaseholder": 11}}, {"model": "rodManager.garden", "pk": 15, "fields": {"sector": "D", "avenue": "Kasztanowa", "number": 1, "area": 98.0, "leaseholderID": 18, "status": "niedostępna", "last_leaseholder": null}}, {"model": "rodManager.garden", "pk": 16, "fields": {"sector": "D", "avenue": "Kasztanowa", "number": 5, "area": 57.0, "leaseholderID": null, "status": "dostępna", "last_leaseholder": null}}, {"model": "rodManager.garden", "pk": 17, "fields": {"sector": "D", "avenue": "Wiśniowa", "number": 3, "area": 57.0, "leaseholderID": 19, "status": "niedostępna", "last_leaseholder": null}}, {"model": "rodManager.garden", "pk": 18, "fields": {"sector": "D", "avenue": "Wiśniowa", "number": 5, "area": 56.0, "leaseholderID": 3, "status": "niedostępna", "last_leaseholder": null}}, {"model": "rodManager.garden", "pk": 19, "fields": {"sector": "C", "avenue": "Jesionowa", "number": 5, "area": 57.0, "leaseholderID": null, "status": "dostępna", "last_leaseholder": null}}, {"model": "rodManager.garden", "pk": 20, "fields": {"sector": "B", "avenue": "Brzozowa", "number": 76, "area": 123.0, "leaseholderID": null, "status": "dostępna", "last_leaseholder": null}}, {"model": "rodManager.garden", "pk": 21, "fields": {"sector": "B", "avenue": "Brzozowa", "number": 7, "area": 54.0, "leaseholderID": null, "status": "dostępna", "last_leaseholder": null}}, {"model": "rodManager.garden", "pk": 22, "fields": {"sector": "B", "avenue": "Akacjowa", "number": 46, "area": 213.0, "leaseholderID": null, "status": "dostępna", "last_leaseholder": null}}, {"model": "rodManager.garden", "pk": 23, "fields": {"sector": "D", "avenue": "Kasztanowa", "number": 2, "area": 135.0, "leaseholderID": null, "status": "dostępna", "last_leaseholder": null}}, {"model": "rodManager.garden", "pk": 24, "fields": {"sector": "D", "avenue": "Kasztanowa", "number": 12, "area": 241.0, "leaseholderID": null, "status": "dostępna", "last_leaseholder": null}}, {"model": "rodManager.garden", "pk": 25, "fields": {"sector": "B", "avenue": "Akacjowa", "number": 21, "area": 34.0, "leaseholderID": null, "status": "dostępna", "last_leaseholder": null}}, {"model": "rodManager.garden", "pk": 26, "fields": {"sector": "B", "avenue": "Brzozowa", "number": 3, "area": 124.0, "leaseholderID": null, "status": "dostępna", "last_leaseholder": null}}, {"model": "rodManager.garden", "pk": 27, "fields": {"sector": "A", "avenue": "Dębowa", "number": 34, "area": 124.0, "leaseholderID": null, "status": "dostępna", "last_leaseholder": null}}, {"model": "rodManager.garden", "pk": 28, "fields": {"sector": "A", "avenue": "Dębowa", "number": 45, "area": 123.0, "leaseholderID": null, "status": "dostępna", "last_leaseholder": null}}, {"model": "rodManager.garden", "pk": 29, "fields": {"sector": "A", "avenue": "Świerkowa", "number": 2, "area": 35.0, "leaseholderID": null, "status": "dostępna", "last_leaseholder": null}}, {"model": "rodManager.gardenoffers", "pk": 1, "fields": {"title": "Ładna działka", "body": "<p><img data-align=\"center\"  height=\"325.5205764181621\" src=\"/api/protectedfile/images/a1a37465-9b30-473b-8026-a77e0984c5b2.jpg\" style=\"display: block; margin: auto; cursor: nwse-resize;\" width=\"622\"/></p><p><br/></p><p><span style=\"color: rgb(55, 65, 81);\">Cicha i przyjazna okolica w sercu Rodzinnych Ogrodów Działkowych. Ta urokliwa działka to doskonałe miejsce na spędzenie czasu na świeżym powietrzu z rodziną.</span></p>", "created_at": "2023-12-13T16:07:45.059Z", "contact": 5, "garden": 27, "price": "30000.00", "predicted_rent": "1000.00", "images": []}}, {"model": "rodManager.gardenoffers", "pk": 2, "fields": {"title": "Urokliwa działka", "body": "<p><img data-align=\"center\" src=\"/api/protectedfile/images/06013605-47ac-47ce-b6e8-ea3605acc770.jpg\" style=\"display: block; margin: auto;\"/></p><p><br/></p><p><strong style=\"color: rgb(55, 65, 81);\">Zapraszamy do zakupu działki w ROD, gdzie natura łączy się z wygodą. To miejsce oferuje nie tylko możliwość uprawy ogrodu, ale również spokój i bezpieczeństwo dla Twojej rodziny.</strong></p>", "created_at": "2023-12-13T16:25:05.861Z", "contact": 33, "garden": 16, "price": "25000.00", "predicted_rent": "2500.00", "images": []}}, {"model": "rodManager.gardenoffers", "pk": 3, "fields": {"title": "Praktyczna działka", "body": "<p><img data-align=\"center\" height=\"442.66668320169066\" src=\"/api/protectedfile/images/a51f0708-61ce-4447-a572-aaac0306d999.jpg\" style=\"display: block; margin: auto; cursor: nwse-resize;\" width=\"664\"/></p><p><br/></p><p><br/></p><p><span style=\"color: rgb(55, 65, 81);\">Wyjątkowa oferta! Działka w ROD zlokalizowana blisko terenów rekreacyjnych i placów zabaw dla dzieci. To idealne miejsce do odpoczynku i relaksu po pracy</span></p>", "created_at": "2023-12-13T16:29:10.442Z", "contact": 21, "garden": 23, "price": "15000.00", "predicted_rent": "1200.00", "images": []}}, {"model": "rodManager.gardenoffers", "pk": 4, "fields": {"title": "Ogrodowa działka", "body": "<p><img data-align=\"center\" height=\"427.9921396198973\" src=\"/api/protectedfile/images/6d1f1c95-f49d-4f33-8baa-4a33037aadad.jpg\" style=\"display: block; margin: auto;\" width=\"856\"/></p><p><br/></p><p><span style=\"color: rgb(55, 65, 81);\">Działka w ROD z dogodnym dostępem do wody i energii elektrycznej. To idealne miejsce dla pasjonatów ogrodnictwa, którzy cenią sobie spokój i harmonię z naturą</span></p>", "created_at": "2023-12-13T16:34:34.216Z", "contact": 33, "garden": 20, "price": "15000.00", "predicted_rent": "1000.00", "images": []}}, {"model": "rodManager.image", "pk": 1, "fields": {"name": "2a177285-c708-4500-a444-b3bf31e59fc8.jpg", "file": "images/2a177285-c708-4500-a444-b3bf31e59fc8.jpg"}}, {"model": "rodManager.image", "pk": 2, "fields": {"name": "23e17a84-c56b-4481-89bc-3f2b30ac8c10.png", "file": "images/23e17a84-c56b-4481-89bc-3f2b30ac8c10.png"}}, {"model": "rodManager.image", "pk": 3, "fields": {"name": "ac8d6700-ac7a-4da9-b061-5e6b51f0c8c9.png", "file": "images/ac8d6700-ac7a-4da9-b061-5e6b51f0c8c9.png"}}, {"model": "rodManager.image", "pk": 4, "fields": {"name": "7e523499-00b4-4aad-a833-611b2b5e8fd6.png", "file": "images/7e523499-00b4-4aad-a833-611b2b5e8fd6.png"}}, {"model": "rodManager.image", "pk": 5, "fields": {"name": "211ea0e2-1f4d-417f-b4f5-27b0d7599019.jpg", "file": "images/211ea0e2-1f4d-417f-b4f5-27b0d7599019.jpg"}}, {"model": "rodManager.image", "pk": 6, "fields": {"name": "d5acba6a-2518-41ba-9d30-1b924ad4e27a.jpg", "file": "images/d5acba6a-2518-41ba-9d30-1b924ad4e27a.jpg"}}, {"model": "rodManager.image", "pk": 7, "fields": {"name": "c2ba1565-f490-4219-8848-9de922e0cc32.png", "file": "images/c2ba1565-f490-4219-8848-9de922e0cc32.png"}}, {"model": "rodManager.image", "pk": 8, "fields": {"name": "2d02a0fd-6c26-48af-aa61-bbf39f192823.png", "file": "images/2d02a0fd-6c26-48af-aa61-bbf39f192823.png"}}, {"model": "rodManager.image", "pk": 9, "fields": {"name": "8d287fcb-209e-4795-a553-d79fb938a1d4.png", "file": "images/8d287fcb-209e-4795-a553-d79fb938a1d4.png"}}, {"model": "rodManager.image", "pk": 10, "fields": {"name": "a1a37465-9b30-473b-8026-a77e0984c5b2.jpg", "file": "images/a1a37465-9b30-473b-8026-a77e0984c5b2.jpg"}}, {"model": "rodManager.image", "pk": 11, "fields": {"name": "06013605-47ac-47ce-b6e8-ea3605acc770.jpg", "file": "images/06013605-47ac-47ce-b6e8-ea3605acc770.jpg"}}, {"model": "rodManager.image", "pk": 12, "fields": {"name": "a51f0708-61ce-4447-a572-aaac0306d999.jpg", "file": "images/a51f0708-61ce-4447-a572-aaac0306d999.jpg"}}, {"model": "rodManager.image", "pk": 13, "fields": {"name": "6d1f1c95-f49d-4f33-8baa-4a33037aadad.jpg", "file": "images/6d1f1c95-f49d-4f33-8baa-4a33037aadad.jpg"}}, {"model": "rodManager.announcement", "pk": 10, "fields": {"title": "Spotkanie z Zarządem", "body": "<p><img data-align=\"center\" height=\"220\" src=\"/api/protectedfile/images/7e523499-00b4-4aad-a833-611b2b5e8fd6.png\" style=\"display: block; margin: auto; cursor: nesw-resize;\" width=\"220\"/></p><p><strong style=\"color: rgb(55, 65, 81);\">Zapraszamy członków ROD na spotkanie z Zarządem w celu omówienia planów na nadchodzący sezon letni. Wspólnie ustalimy działania i inicjatywy dla naszej społeczności ogrodowej!</strong></p><p><br/></p><p><strong style=\"color: rgb(55, 65, 81);\">Spotkanie odbędzie się 01.03.2024</strong></p>", "date": "2023-12-13T13:53:05.775Z", "tags": [6, 7], "images": []}}, {"model": "rodManager.announcement", "pk": 11, "fields": {"title": "Sprzątanie ogrodu", "body": "<p><img data-align=\"center\" src=\"/api/protectedfile/images/211ea0e2-1f4d-417f-b4f5-27b0d7599019.jpg\" style=\"display: block; margin: auto;\"/></p><p><strong style=\"color: rgb(55, 65, 81);\">Przyłącz się do naszej inicjatywy sprzątania terenu działki. Razem dbajmy o nasze otoczenie i naturę! Każda pomoc jest niezmiernie cenna.</strong></p>", "date": "2023-12-13T13:57:18.547Z", "tags": [8, 9], "images": []}}, {"model": "rodManager.announcement", "pk": 12, "fields": {"title": "Warsztaty z uprawy ekologicznej", "body": "<p><img data-align=\"center\" height=\"320\" src=\"/api/protectedfile/images/d5acba6a-2518-41ba-9d30-1b924ad4e27a.jpg\" style=\"display: block; margin: auto;\" width=\"320\"/></p><p><br/></p><p><strong style=\"color: rgb(55, 65, 81);\">Serdecznie zapraszamy na warsztaty poświęcone ekologicznej uprawie roślin. Poznajcie tajniki przyjaznej dla środowiska pielęgnacji ogrodu!</strong></p><p><br/></p><p><strong style=\"color: rgb(55, 65, 81);\">Spotkanie odbędzie się 01.02.2024</strong></p>", "date": "2023-12-13T14:01:35.258Z", "tags": [6, 10], "images": []}}, {"model": "rodManager.announcement", "pk": 13, "fields": {"title": "Prace remontowe na terenie działki", "body": "<p><img data-align=\"center\"  src=\"/api/protectedfile/images/c2ba1565-f490-4219-8848-9de922e0cc32.png\" style=\"display: block; margin: auto;\" /></p><p><strong style=\"color: rgb(55, 65, 81);\"> Informujemy o planowanych pracach remontowych na terenie naszej działki. Prosimy o zachowanie ostrożności i wyrozumiałości w tym czasie.</strong></p>", "date": "2023-12-13T14:06:18.484Z", "tags": [11, 12], "images": []}}, {"model": "rodManager.announcement", "pk": 14, "fields": {"title": "Zmiany godzin otwarcia bramy wjazdowej", "body": "<p><img data-align=\"center\" height=\"156\" src=\"/api/protectedfile/images/2d02a0fd-6c26-48af-aa61-bbf39f192823.png\" style=\"display: block; margin: auto;\" width=\"156\"/></p><p><br/></p><p><strong style=\"color: rgb(55, 65, 81);\">Prosimy o zapoznanie się z informacją dotyczącą zmiany godzin otwarcia bramy wjazdowej na teren działki. Dziękujemy za zrozumienie.</strong></p>", "date": "2023-12-13T14:11:57.741Z", "tags": [11], "images": []}}, {"model": "rodManager.announcement", "pk": 15, "fields": {"title": "Segregacja odpadów", "body": "<p><img data-align=\"center\" height=\"246.52782708406448\" src=\"/api/protectedfile/images/8d287fcb-209e-4795-a553-d79fb938a1d4.png\" style=\"display: block; margin: auto; cursor: nwse-resize;\" width=\"415\"/></p><p><br/></p><p><strong style=\"color: rgb(55, 65, 81);\">Przypominamy o znaczeniu prawidłowej segregacji odpadów na terenie naszej działki. Prosimy o stosowanie się do wyznaczonych pojemników.</strong></p>", "date": "2023-12-13T14:17:48.578Z", "tags": [11, 13], "images": []}}, {"model": "rodManager.event", "pk": 3, "fields": {"date": "2024-02-29T23:00:00Z", "name": "Spotkanie z Zarządem", "announcement": 10}}, {"model": "rodManager.event", "pk": 4, "fields": {"date": "2024-01-31T23:00:00Z", "name": "Warsztaty z uprawy ekologicznej", "announcement": 12}}, {"model": "rodManager.tag", "pk": 6, "fields": {"name": "Spotkania", "times_used": 2}}, {"model": "rodManager.tag", "pk": 7, "fields": {"name": "Zarząd", "times_used": 1}}, {"model": "rodManager.tag", "pk": 8, "fields": {"name": "Sprzątanie", "times_used": 1}}, {"model": "rodManager.tag", "pk": 9, "fields": {"name": "WspólneDziałanie", "times_used": 1}}, {"model": "rodManager.tag", "pk": 10, "fields": {"name": "Warsztaty", "times_used": 1}}, {"model": "rodManager.tag", "pk": 11, "fields": {"name": "Ważne", "times_used": 3}}, {"model": "rodManager.tag", "pk": 12, "fields": {"name": "PraceRemontowe", "times_used": 1}}, {"model": "rodManager.tag", "pk": 13, "fields": {"name": "Segregacja odpadów", "times_used": 1}}, {"model": "rodManager.poll", "pk": 3, "fields": {"end_date": "2023-12-11T23:00:00Z", "title": "Wybór nowego projektu placu zabaw", "description": "Głosowanie nad projektem nowego placu zabaw w ROD"}}, {"model": "rodManager.poll", "pk": 4, "fields": {"end_date": "2023-12-02T23:00:00Z", "title": "Wybór roślin do ogólnego zasadzenia", "description": "Głosowanie nad wyborem roślin do ogólnego zasadzenia terenów w ROD"}}, {"model": "rodManager.poll", "pk": 5, "fields": {"end_date": "2023-12-22T23:00:00Z", "title": "Inwestycja w wspólne miejsce grillowe", "description": "Decyzja w sprawie inwestycji w nową infrastrukturę,  wspólne miejsce grillowe."}}, {"model": "rodManager.poll", "pk": 6, "fields": {"end_date": "2023-12-10T23:00:00Z", "title": "Projekty ekologiczne", "description": "Głosowanie nad projektami mającymi na celu wprowadzenie rozwiązań ekologicznych w ROD, na przykład instalacja systemów odzyskiwania wody deszczowej czy program kompostowania odpadów organicznych."}}, {"model": "rodManager.poll", "pk": 7, "fields": {"end_date": "2023-12-21T23:00:00Z", "title": "Organizacja wydarzeń społecznościowych", "description": "Głosowanie nad propozycją organizacji wydarzeń społecznościowych, takich jak festyny, konkursy ogrodnicze czy spotkania integracyjne dla członków ROD."}}, {"model": "rodManager.poll", "pk": 8, "fields": {"end_date": "2023-12-09T23:00:00Z", "title": "Sprawy związane z bezpieczeństwem i porządkiem", "description": "Głosowanie nad propozycjami poprawy bezpieczeństwa w ROD, na przykład instalacja dodatkowego oświetlenia czy wprowadzenie regulacji dotyczących zachowania porządku."}}, {"model": "rodManager.option", "pk": 4, "fields": {"option_id": 1, "label": "Plac zabaw z huśtawkami i zjeżdżalniami", "poll": 3}}, {"model": "rodManager.option", "pk": 5, "fields": {"option_id": 2, "label": "Plac zabaw z piaskownicą i labiryntem", "poll": 3}}, {"model": "rodManager.option", "pk": 6, "fields": {"option_id": 3, "label": "Plac zabaw z wielofunkcyjnymi urządzeniami do ćwiczeń", "poll": 3}}, {"model": "rodManager.option", "pk": 7, "fields": {"option_id": 4, "label": "Wymaga dalszych konsultacji", "poll": 3}}, {"model": "rodManager.option", "pk": 8, "fields": {"option_id": 1, "label": "Kwiaty jednoroczne (miks kolorów)", "poll": 4}}, {"model": "rodManager.option", "pk": 9, "fields": {"option_id": 2, "label": "Krzewy ozdobne (różnorodne gatunki)", "poll": 4}}, {"model": "rodManager.option", "pk": 10, "fields": {"option_id": 3, "label": "Rośliny użytkowe (warzywa, zioła)", "poll": 4}}, {"model": "rodManager.option", "pk": 11, "fields": {"option_id": 4, "label": "Drzewa owocowe (jabłonie, czereśnie)", "poll": 4}}, {"model": "rodManager.option", "pk": 12, "fields": {"option_id": 5, "label": "Ogród skalny (rośliny skalne i krzewy)", "poll": 4}}, {"model": "rodManager.option", "pk": 13, "fields": {"option_id": 1, "label": "Zatwierdź inwestycję", "poll": 5}}, {"model": "rodManager.option", "pk": 14, "fields": {"option_id": 2, "label": "Odrzuć inwestycję", "poll": 5}}, {"model": "rodManager.option", "pk": 15, "fields": {"option_id": 3, "label": "Wymaga dalszych analiz", "poll": 5}}, {"model": "rodManager.option", "pk": 16, "fields": {"option_id": 1, "label": "Zaakceptuj projekt", "poll": 6}}, {"model": "rodManager.option", "pk": 17, "fields": {"option_id": 2, "label": "Odrzuć projekt", "poll": 6}}, {"model": "rodManager.option", "pk": 18, "fields": {"option_id": 1, "label": "Popieram organizację wydarzeń społecznościowych", "poll": 7}}, {"model": "rodManager.option", "pk": 19, "fields": {"option_id": 2, "label": "Nie popieram organizacji wydarzeń społecznościowych", "poll": 7}}, {"model": "rodManager.option", "pk": 20, "fields": {"option_id": 1, "label": "Popieram propozycje bezpieczeństwa", "poll": 8}}, {"model": "rodManager.option", "pk": 21, "fields": {"option_id": 2, "label": "Nie popieram propozycji bezpieczeństwa", "poll": 8}}, {"model": "rodManager.vote", "pk": 1, "fields": {"option": 5, "user": 1}}, {"model": "rodManager.vote", "pk": 2, "fields": {"option": 11, "user": 1}}, {"model": "rodManager.vote", "pk": 3, "fields": {"option": 13, "user": 1}}, {"model": "rodManager.vote", "pk": 4, "fields": {"option": 16, "user": 1}}, {"model": "rodManager.vote", "pk": 5, "fields": {"option": 20, "user": 1}}, {"model": "rodManager.vote", "pk": 6, "fields": {"option": 5, "user": 38}}, {"model": "rodManager.vote", "pk": 7, "fields": {"option": 10, "user": 38}}, {"model": "rodManager.vote", "pk": 8, "fields": {"option": 15, "user": 38}}, {"model": "rodManager.vote", "pk": 9, "fields": {"option": 16, "user": 38}}, {"model": "rodManager.vote", "pk": 10, "fields": {"option": 18, "user": 38}}, {"model": "rodManager.vote", "pk": 11, "fields": {"option": 20, "user": 38}}, {"model": "rodManager.vote", "pk": 12, "fields": {"option": 4, "user": 21}}, {"model": "rodManager.vote", "pk": 13, "fields": {"option": 8, "user": 21}}, {"model": "rodManager.vote", "pk": 14, "fields": {"option": 13, "user": 21}}, {"model": "rodManager.vote", "pk": 15, "fields": {"option": 16, "user": 21}}, {"model": "rodManager.vote", "pk": 16, "fields": {"option": 19, "user": 21}}, {"model": "rodManager.vote", "pk": 17, "fields": {"option": 20, "user": 21}}, {"model": "rodManager.vote", "pk": 18, "fields": {"option": 14, "user": 18}}, {"model": "rodManager.vote", "pk": 19, "fields": {"option": 5, "user": 18}}, {"model": "rodManager.vote", "pk": 20, "fields": {"option": 11, "user": 18}}, {"model": "rodManager.vote", "pk": 21, "fields": {"option": 16, "user": 18}}, {"model": "rodManager.vote", "pk": 22, "fields": {"option": 19, "user": 18}}, {"model": "rodManager.vote", "pk": 23, "fields": {"option": 21, "user": 18}}, {"model": "rodManager.vote", "pk": 24, "fields": {"option": 7, "user": 35}}, {"model": "rodManager.vote", "pk": 25, "fields": {"option": 12, "user": 35}}, {"model": "rodManager.vote", "pk": 26, "fields": {"option": 15, "user": 35}}, {"model": "rodManager.vote", "pk": 27, "fields": {"option": 17, "user": 35}}, {"model": "rodManager.vote", "pk": 28, "fields": {"option": 19, "user": 35}}, {"model": "rodManager.vote", "pk": 29, "fields": {"option": 21, "user": 35}}, {"model": "rodManager.vote", "pk": 30, "fields": {"option": 4, "user": 25}}, {"model": "rodManager.vote", "pk": 31, "fields": {"option": 8, "user": 25}}, {"model": "rodManager.vote", "pk": 32, "fields": {"option": 13, "user": 25}}, {"model": "rodManager.vote", "pk": 33, "fields": {"option": 16, "user": 25}}, {"model": "rodManager.vote", "pk": 34, "fields": {"option": 18, "user": 25}}, {"model": "rodManager.vote", "pk": 35, "fields": {"option": 20, "user": 25}}, {"model": "rodManager.vote", "pk": 36, "fields": {"option": 6, "user": 14}}, {"model": "rodManager.vote", "pk": 37, "fields": {"option": 8, "user": 14}}, {"model": "rodManager.vote", "pk": 38, "fields": {"option": 13, "user": 14}}, {"model": "rodManager.vote", "pk": 39, "fields": {"option": 16, "user": 14}}, {"model": "rodManager.vote", "pk": 40, "fields": {"option": 18, "user": 14}}, {"model": "rodManager.vote", "pk": 41, "fields": {"option": 20, "user": 14}}, {"model": "rodManager.vote", "pk": 42, "fields": {"option": 6, "user": 33}}, {"model": "rodManager.vote", "pk": 43, "fields": {"option": 11, "user": 33}}, {"model": "rodManager.vote", "pk": 44, "fields": {"option": 13, "user": 33}}, {"model": "rodManager.vote", "pk": 45, "fields": {"option": 16, "user": 33}}, {"model": "rodManager.vote", "pk": 46, "fields": {"option": 18, "user": 33}}, {"model": "rodManager.vote", "pk": 47, "fields": {"option": 20, "user": 33}}, {"model": "rodManager.vote", "pk": 48, "fields": {"option": 5, "user": 22}}, {"model": "rodManager.vote", "pk": 49, "fields": {"option": 11, "user": 22}}, {"model": "rodManager.vote", "pk": 50, "fields": {"option": 13, "user": 22}}, {"model": "rodManager.vote", "pk": 51, "fields": {"option": 18, "user": 22}}, {"model": "rodManager.vote", "pk": 52, "fields": {"option": 16, "user": 22}}, {"model": "rodManager.vote", "pk": 53, "fields": {"option": 20, "user": 22}}, {"model": "rodManager.vote", "pk": 54, "fields": {"option": 5, "user": 11}}, {"model": "rodManager.vote", "pk": 55, "fields": {"option": 11, "user": 11}}, {"model": "rodManager.vote", "pk": 56, "fields": {"option": 15, "user": 11}}, {"model": "rodManager.vote", "pk": 57, "fields": {"option": 17, "user": 11}}, {"model": "rodManager.vote", "pk": 58, "fields": {"option": 19, "user": 11}}, {"model": "rodManager.vote", "pk": 59, "fields": {"option": 21, "user": 11}}, {"model": "rodManager.vote", "pk": 60, "fields": {"option": 6, "user": 16}}, {"model": "rodManager.vote", "pk": 61, "fields": {"option": 9, "user": 16}}, {"model": "rodManager.vote", "pk": 62, "fields": {"option": 13, "user": 16}}, {"model": "rodManager.vote", "pk": 63, "fields": {"option": 16, "user": 16}}, {"model": "rodManager.vote", "pk": 64, "fields": {"option": 18, "user": 16}}, {"model": "rodManager.vote", "pk": 65, "fields": {"option": 20, "user": 16}}, {"model": "rodManager.vote", "pk": 66, "fields": {"option": 5, "user": 37}}, {"model": "rodManager.vote", "pk": 67, "fields": {"option": 8, "user": 37}}, {"model": "rodManager.vote", "pk": 68, "fields": {"option": 13, "user": 37}}, {"model": "rodManager.vote", "pk": 69, "fields": {"option": 16, "user": 37}}, {"model": "rodManager.vote", "pk": 70, "fields": {"option": 18, "user": 37}}, {"model": "rodManager.vote", "pk": 71, "fields": {"option": 20, "user": 37}}, {"model": "rodManager.vote", "pk": 72, "fields": {"option": 6, "user": 12}}, {"model": "rodManager.vote", "pk": 73, "fields": {"option": 11, "user": 12}}, {"model": "rodManager.vote", "pk": 74, "fields": {"option": 13, "user": 12}}, {"model": "rodManager.vote", "pk": 75, "fields": {"option": 16, "user": 12}}, {"model": "rodManager.vote", "pk": 76, "fields": {"option": 18, "user": 12}}, {"model": "rodManager.vote", "pk": 77, "fields": {"option": 20, "user": 12}}, {"model": "rodManager.vote", "pk": 78, "fields": {"option": 6, "user": 31}}, {"model": "rodManager.vote", "pk": 79, "fields": {"option": 8, "user": 31}}, {"model": "rodManager.vote", "pk": 80, "fields": {"option": 13, "user": 31}}, {"model": "rodManager.vote", "pk": 81, "fields": {"option": 16, "user": 31}}, {"model": "rodManager.vote", "pk": 82, "fields": {"option": 18, "user": 31}}, {"model": "rodManager.vote", "pk": 83, "fields": {"option": 20, "user": 31}}, {"model": "rodManager.vote", "pk": 84, "fields": {"option": 6, "user": 17}}, {"model": "rodManager.vote", "pk": 85, "fields": {"option": 9, "user": 17}}, {"model": "rodManager.vote", "pk": 86, "fields": {"option": 13, "user": 17}}, {"model": "rodManager.vote", "pk": 87, "fields": {"option": 16, "user": 17}}, {"model": "rodManager.vote", "pk": 88, "fields": {"option": 18, "user": 17}}, {"model": "rodManager.vote", "pk": 89, "fields": {"option": 20, "user": 17}}, {"model": "rodManager.vote", "pk": 90, "fields": {"option": 4, "user": 27}}, {"model": "rodManager.vote", "pk": 91, "fields": {"option": 10, "user": 27}}, {"model": "rodManager.vote", "pk": 92, "fields": {"option": 13, "user": 27}}, {"model": "rodManager.vote", "pk": 93, "fields": {"option": 16, "user": 27}}, {"model": "rodManager.vote", "pk": 94, "fields": {"option": 18, "user": 27}}, {"model": "rodManager.vote", "pk": 95, "fields": {"option": 20, "user": 27}}, {"model": "rodManager.vote", "pk": 96, "fields": {"option": 6, "user": 26}}, {"model": "rodManager.vote", "pk": 97, "fields": {"option": 8, "user": 26}}, {"model": "rodManager.vote", "pk": 98, "fields": {"option": 13, "user": 26}}, {"model": "rodManager.vote", "pk": 99, "fields": {"option": 16, "user": 26}}, {"model": "rodManager.vote", "pk": 100, "fields": {"option": 18, "user": 26}}, {"model": "rodManager.vote", "pk": 101, "fields": {"option": 20, "user": 26}}, {"model": "rodManager.vote", "pk": 102, "fields": {"option": 7, "user": 36}}, {"model": "rodManager.vote", "pk": 103, "fields": {"option": 12, "user": 36}}, {"model": "rodManager.vote", "pk": 104, "fields": {"option": 14, "user": 36}}, {"model": "rodManager.vote", "pk": 105, "fields": {"option": 17, "user": 36}}, {"model": "rodManager.vote", "pk": 106, "fields": {"option": 19, "user": 36}}, {"model": "rodManager.vote", "pk": 107, "fields": {"option": 21, "user": 36}}, {"model": "rodManager.vote", "pk": 108, "fields": {"option": 6, "user": 19}}, {"model": "rodManager.vote", "pk": 109, "fields": {"option": 9, "user": 19}}, {"model": "rodManager.vote", "pk": 110, "fields": {"option": 13, "user": 19}}, {"model": "rodManager.vote", "pk": 111, "fields": {"option": 16, "user": 19}}, {"model": "rodManager.vote", "pk": 112, "fields": {"option": 18, "user": 19}}, {"model": "rodManager.vote", "pk": 113, "fields": {"option": 20, "user": 19}}, {"model": "rodManager.vote", "pk": 114, "fields": {"option": 6, "user": 20}}, {"model": "rodManager.vote", "pk": 115, "fields": {"option": 16, "user": 20}}, {"model": "rodManager.vote", "pk": 116, "fields": {"option": 20, "user": 20}}, {"model": "rodManager.vote", "pk": 117, "fields": {"option": 4, "user": 30}}, {"model": "rodManager.vote", "pk": 118, "fields": {"option": 20, "user": 30}}, {"model": "rodManager.vote", "pk": 119, "fields": {"option": 6, "user": 39}}, {"model": "rodManager.vote", "pk": 120, "fields": {"option": 17, "user": 39}}, {"model": "rodManager.billingperiod", "pk": 1, "fields": {"start_date": "2023-11-01", "end_date": "2023-12-01", "payment_date": "2023-12-20", "is_confirmed": true, "confirmation_date": "2023-12-14T17:56:57.850Z"}}, {"model": "rodManager.billingperiod", "pk": 2, "fields": {"start_date": "2023-12-01", "end_date": "2024-01-01", "payment_date": "2024-01-20", "is_confirmed": false, "confirmation_date": "2023-12-14T17:56:20.248Z"}}, {"model": "rodManager.billingperiod", "pk": 3, "fields": {"start_date": "2024-01-01", "end_date": "2024-02-01", "payment_date": "2024-02-20", "is_confirmed": false, "confirmation_date": null}}, {"model": "rodManager.fee", "pk": 3, "fields": {"billing_period": 1, "fee_type": "Lease", "name": "Dzierżawa", "calculation_type": "Za metr", "value": 1000.0}}, {"model": "rodManager.fee", "pk": 4, "fields": {"billing_period": 1, "fee_type": "Lease", "name": "Opłata manipulacyjna", "calculation_type": "Za działkę", "value": 1000.0}}, {"model": "rodManager.fee", "pk": 5, "fields": {"billing_period": 1, "fee_type": "Additional", "name": "Koszenie trawnika", "calculation_type": "Za działkę", "value": 400.0}}, {"model": "rodManager.fee", "pk": 6, "fields": {"billing_period": 1, "fee_type": "Additional", "name": "Renowacja płotu", "calculation_type": "Za metr", "value": 100.0}}, {"model": "rodManager.payment", "pk": 724, "fields": {"user": 38, "type": "Payment", "date": "2023-12-14", "amount": -545000.0, "description": "Opłata: \"Dzierżawa\"", "related_fee": 3}}, {"model": "rodManager.payment", "pk": 725, "fields": {"user": 38, "type": "Payment", "date": "2023-12-14", "amount": -1000.0, "description": "Opłata: \"Opłata manipulacyjna\"", "related_fee": 4}}, {"model": "rodManager.payment", "pk": 726, "fields": {"user": 38, "type": "Payment", "date": "2023-12-14", "amount": -400.0, "description": "Opłata: \"Koszenie trawnika\"", "related_fee": 5}}, {"model": "rodManager.payment", "pk": 727, "fields": {"user": 38, "type": "Payment", "date": "2023-12-14", "amount": -54500.0, "description": "Opłata: \"Renowacja płotu\"", "related_fee": 6}}, {"model": "rodManager.payment", "pk": 728, "fields": {"user": 1, "type": "Payment", "date": "2023-12-14", "amount": -45000.0, "description": "Opłata: \"Dzierżawa\"", "related_fee": 3}}, {"model": "rodManager.payment", "pk": 729, "fields": {"user": 1, "type": "Payment", "date": "2023-12-14", "amount": -1000.0, "description": "Opłata: \"Opłata manipulacyjna\"", "related_fee": 4}}, {"model": "rodManager.payment", "pk": 730, "fields": {"user": 1, "type": "Payment", "date": "2023-12-14", "amount": -400.0, "description": "Opłata: \"Koszenie trawnika\"", "related_fee": 5}}, {"model": "rodManager.payment", "pk": 731, "fields": {"user": 1, "type": "Payment", "date": "2023-12-14", "amount": -4500.0, "description": "Opłata: \"Renowacja płotu\"", "related_fee": 6}}, {"model": "rodManager.payment", "pk": 732, "fields": {"user": 30, "type": "Payment", "date": "2023-12-14", "amount": -54000.0, "description": "Opłata: \"Dzierżawa\"", "related_fee": 3}}, {"model": "rodManager.payment", "pk": 733, "fields": {"user": 30, "type": "Payment", "date": "2023-12-14", "amount": -1000.0, "description": "Opłata: \"Opłata manipulacyjna\"", "related_fee": 4}}, {"model": "rodManager.payment", "pk": 734, "fields": {"user": 30, "type": "Payment", "date": "2023-12-14", "amount": -400.0, "description": "Opłata: \"Koszenie trawnika\"", "related_fee": 5}}, {"model": "rodManager.payment", "pk": 735, "fields": {"user": 30, "type": "Payment", "date": "2023-12-14", "amount": -5400.0, "description": "Opłata: \"Renowacja płotu\"", "related_fee": 6}}, {"model": "rodManager.payment", "pk": 736, "fields": {"user": 12, "type": "Payment", "date": "2023-12-14", "amount": -54000.0, "description": "Opłata: \"Dzierżawa\"", "related_fee": 3}}, {"model": "rodManager.payment", "pk": 737, "fields": {"user": 12, "type": "Payment", "date": "2023-12-14", "amount": -1000.0, "description": "Opłata: \"Opłata manipulacyjna\"", "related_fee": 4}}, {"model": "rodManager.payment", "pk": 738, "fields": {"user": 12, "type": "Payment", "date": "2023-12-14", "amount": -400.0, "description": "Opłata: \"Koszenie trawnika\"", "related_fee": 5}}, {"model": "rodManager.payment", "pk": 739, "fields": {"user": 12, "type": "Payment", "date": "2023-12-14", "amount": -5400.0, "description": "Opłata: \"Renowacja płotu\"", "related_fee": 6}}, {"model": "rodManager.payment", "pk": 740, "fields": {"user": 37, "type": "Payment", "date": "2023-12-14", "amount": -67000.0, "description": "Opłata: \"Dzierżawa\"", "related_fee": 3}}, {"model": "rodManager.payment", "pk": 741, "fields": {"user": 37, "type": "Payment", "date": "2023-12-14", "amount": -1000.0, "description": "Opłata: \"Opłata manipulacyjna\"", "related_fee": 4}}, {"model": "rodManager.payment", "pk": 742, "fields": {"user": 37, "type": "Payment", "date": "2023-12-14", "amount": -400.0, "description": "Opłata: \"Koszenie trawnika\"", "related_fee": 5}}, {"model": "rodManager.payment", "pk": 743, "fields": {"user": 37, "type": "Payment", "date": "2023-12-14", "amount": -6700.0, "description": "Opłata: \"Renowacja płotu\"", "related_fee": 6}}, {"model": "rodManager.payment", "pk": 744, "fields": {"user": 17, "type": "Payment", "date": "2023-12-14", "amount": -157000.0, "description": "Opłata: \"Dzierżawa\"", "related_fee": 3}}, {"model": "rodManager.payment", "pk": 745, "fields": {"user": 17, "type": "Payment", "date": "2023-12-14", "amount": -1000.0, "description": "Opłata: \"Opłata manipulacyjna\"", "related_fee": 4}}, {"model": "rodManager.payment", "pk": 746, "fields": {"user": 17, "type": "Payment", "date": "2023-12-14", "amount": -400.0, "description": "Opłata: \"Koszenie trawnika\"", "related_fee": 5}}, {"model": "rodManager.payment", "pk": 747, "fields": {"user": 17, "type": "Payment", "date": "2023-12-14", "amount": -15700.0, "description": "Opłata: \"Renowacja płotu\"", "related_fee": 6}}, {"model": "rodManager.payment", "pk": 748, "fields": {"user": 16, "type": "Payment", "date": "2023-12-14", "amount": -124000.0, "description": "Opłata: \"Dzierżawa\"", "related_fee": 3}}, {"model": "rodManager.payment", "pk": 749, "fields": {"user": 16, "type": "Payment", "date": "2023-12-14", "amount": -1000.0, "description": "Opłata: \"Opłata manipulacyjna\"", "related_fee": 4}}, {"model": "rodManager.payment", "pk": 750, "fields": {"user": 16, "type": "Payment", "date": "2023-12-14", "amount": -400.0, "description": "Opłata: \"Koszenie trawnika\"", "related_fee": 5}}, {"model": "rodManager.payment", "pk": 751, "fields": {"user": 16, "type": "Payment", "date": "2023-12-14", "amount": -12400.0, "description": "Opłata: \"Renowacja płotu\"", "related_fee": 6}}, {"model": "rodManager.payment", "pk": 752, "fields": {"user": 27, "type": "Payment", "date": "2023-12-14", "amount": -44000.0, "description": "Opłata: \"Dzierżawa\"", "related_fee": 3}}, {"model": "rodManager.payment", "pk": 753, "fields": {"user": 27, "type": "Payment", "date": "2023-12-14", "amount": -1000.0, "description": "Opłata: \"Opłata manipulacyjna\"", "related_fee": 4}}, {"model": "rodManager.payment", "pk": 754, "fields": {"user": 27, "type": "Payment", "date": "2023-12-14", "amount": -400.0, "description": "Opłata: \"Koszenie trawnika\"", "related_fee": 5}}, {"model": "rodManager.payment", "pk": 755, "fields": {"user": 27, "type": "Payment", "date": "2023-12-14", "amount": -4400.0, "description": "Opłata: \"Renowacja płotu\"", "related_fee": 6}}, {"model": "rodManager.payment", "pk": 756, "fields": {"user": 26, "type": "Payment", "date": "2023-12-14", "amount": -43000.0, "description": "Opłata: \"Dzierżawa\"", "related_fee": 3}}, {"model": "rodManager.payment", "pk": 757, "fields": {"user": 26, "type": "Payment", "date": "2023-12-14", "amount": -1000.0, "description": "Opłata: \"Opłata manipulacyjna\"", "related_fee": 4}}, {"model": "rodManager.payment", "pk": 758, "fields": {"user": 26, "type": "Payment", "date": "2023-12-14", "amount": -400.0, "description": "Opłata: \"Koszenie trawnika\"", "related_fee": 5}}, {"model": "rodManager.payment", "pk": 759, "fields": {"user": 26, "type": "Payment", "date": "2023-12-14", "amount": -4300.0, "description": "Opłata: \"Renowacja płotu\"", "related_fee": 6}}, {"model": "rodManager.payment", "pk": 760, "fields": {"user": 14, "type": "Payment", "date": "2023-12-14", "amount": -123000.0, "description": "Opłata: \"Dzierżawa\"", "related_fee": 3}}, {"model": "rodManager.payment", "pk": 761, "fields": {"user": 14, "type": "Payment", "date": "2023-12-14", "amount": -1000.0, "description": "Opłata: \"Opłata manipulacyjna\"", "related_fee": 4}}, {"model": "rodManager.payment", "pk": 762, "fields": {"user": 14, "type": "Payment", "date": "2023-12-14", "amount": -400.0, "description": "Opłata: \"Koszenie trawnika\"", "related_fee": 5}}, {"model": "rodManager.payment", "pk": 763, "fields": {"user": 14, "type": "Payment", "date": "2023-12-14", "amount": -12300.0, "description": "Opłata: \"Renowacja płotu\"", "related_fee": 6}}, {"model": "rodManager.payment", "pk": 764, "fields": {"user": 25, "type": "Payment", "date": "2023-12-14", "amount": -134000.0, "description": "Opłata: \"Dzierżawa\"", "related_fee": 3}}, {"model": "rodManager.payment", "pk": 765, "fields": {"user": 25, "type": "Payment", "date": "2023-12-14", "amount": -1000.0, "description": "Opłata: \"Opłata manipulacyjna\"", "related_fee": 4}}, {"model": "rodManager.payment", "pk": 766, "fields": {"user": 25, "type": "Payment", "date": "2023-12-14", "amount": -400.0, "description": "Opłata: \"Koszenie trawnika\"", "related_fee": 5}}, {"model": "rodManager.payment", "pk": 767, "fields": {"user": 25, "type": "Payment", "date": "2023-12-14", "amount": -13400.0, "description": "Opłata: \"Renowacja płotu\"", "related_fee": 6}}, {"model": "rodManager.payment", "pk": 768, "fields": {"user": 36, "type": "Payment", "date": "2023-12-14", "amount": -156000.0, "description": "Opłata: \"Dzierżawa\"", "related_fee": 3}}, {"model": "rodManager.payment", "pk": 769, "fields": {"user": 36, "type": "Payment", "date": "2023-12-14", "amount": -1000.0, "description": "Opłata: \"Opłata manipulacyjna\"", "related_fee": 4}}, {"model": "rodManager.payment", "pk": 770, "fields": {"user": 36, "type": "Payment", "date": "2023-12-14", "amount": -400.0, "description": "Opłata: \"Koszenie trawnika\"", "related_fee": 5}}, {"model": "rodManager.payment", "pk": 771, "fields": {"user": 36, "type": "Payment", "date": "2023-12-14", "amount": -15600.0, "description": "Opłata: \"Renowacja płotu\"", "related_fee": 6}}, {"model": "rodManager.payment", "pk": 772, "fields": {"user": 20, "type": "Payment", "date": "2023-12-14", "amount": -143000.0, "description": "Opłata: \"Dzierżawa\"", "related_fee": 3}}, {"model": "rodManager.payment", "pk": 773, "fields": {"user": 20, "type": "Payment", "date": "2023-12-14", "amount": -1000.0, "description": "Opłata: \"Opłata manipulacyjna\"", "related_fee": 4}}, {"model": "rodManager.payment", "pk": 774, "fields": {"user": 20, "type": "Payment", "date": "2023-12-14", "amount": -400.0, "description": "Opłata: \"Koszenie trawnika\"", "related_fee": 5}}, {"model": "rodManager.payment", "pk": 775, "fields": {"user": 20, "type": "Payment", "date": "2023-12-14", "amount": -14300.0, "description": "Opłata: \"Renowacja płotu\"", "related_fee": 6}}, {"model": "rodManager.payment", "pk": 776, "fields": {"user": 18, "type": "Payment", "date": "2023-12-14", "amount": -98000.0, "description": "Opłata: \"Dzierżawa\"", "related_fee": 3}}, {"model": "rodManager.payment", "pk": 777, "fields": {"user": 18, "type": "Payment", "date": "2023-12-14", "amount": -1000.0, "description": "Opłata: \"Opłata manipulacyjna\"", "related_fee": 4}}, {"model": "rodManager.payment", "pk": 778, "fields": {"user": 18, "type": "Payment", "date": "2023-12-14", "amount": -400.0, "description": "Opłata: \"Koszenie trawnika\"", "related_fee": 5}}, {"model": "rodManager.payment", "pk": 779, "fields": {"user": 18, "type": "Payment", "date": "2023-12-14", "amount": -9800.0, "description": "Opłata: \"Renowacja płotu\"", "related_fee": 6}}, {"model": "rodManager.payment", "pk": 780, "fields": {"user": 19, "type": "Payment", "date": "2023-12-14", "amount": -57000.0, "description": "Opłata: \"Dzierżawa\"", "related_fee": 3}}, {"model": "rodManager.payment", "pk": 781, "fields": {"user": 19, "type": "Payment", "date": "2023-12-14", "amount": -1000.0, "description": "Opłata: \"Opłata manipulacyjna\"", "related_fee": 4}}, {"model": "rodManager.payment", "pk": 782, "fields": {"user": 19, "type": "Payment", "date": "2023-12-14", "amount": -400.0, "description": "Opłata: \"Koszenie trawnika\"", "related_fee": 5}}, {"model": "rodManager.payment", "pk": 783, "fields": {"user": 19, "type": "Payment", "date": "2023-12-14", "amount": -5700.0, "description": "Opłata: \"Renowacja płotu\"", "related_fee": 6}}, {"model": "rodManager.payment", "pk": 784, "fields": {"user": 3, "type": "Payment", "date": "2023-12-14", "amount": -56000.0, "description": "Opłata: \"Dzierżawa\"", "related_fee": 3}}, {"model": "rodManager.payment", "pk": 785, "fields": {"user": 3, "type": "Payment", "date": "2023-12-14", "amount": -1000.0, "description": "Opłata: \"Opłata manipulacyjna\"", "related_fee": 4}}, {"model": "rodManager.payment", "pk": 786, "fields": {"user": 3, "type": "Payment", "date": "2023-12-14", "amount": -400.0, "description": "Opłata: \"Koszenie trawnika\"", "related_fee": 5}}, {"model": "rodManager.payment", "pk": 787, "fields": {"user": 3, "type": "Payment", "date": "2023-12-14", "amount": -5600.0, "description": "Opłata: \"Renowacja płotu\"", "related_fee": 6}}, {"model": "rodManager.employee", "pk": 1702522012064, "fields": {"position": "Zarządca", "name": "Jan Kowalski", "phoneNumber": "123456789", "email": "jankowalski@gmail.com"}}, {"model": "rodManager.employee", "pk": 1702522559067, "fields": {"position": "Główny pomocnik zarządcy", "name": "Adam Nowak", "phoneNumber": "987654321", "email": "adam.nowak@gmail.com"}}, {"model": "rodManager.employee", "pk": 1702523901135, "fields": {"position": "Księgowy", "name": "Anna Górska", "phoneNumber": "345678435", "email": "anna.gorska@wp.pl"}}, {"model": "rodManager.rodgardens", "pk": 1, "fields": {"RODDescription": "Rodzinny Ogród Działkowy we Wrocławiu jest oazą zieleni i spokoju w sercu miasta. Został założony ponad 50 lat temu i od tego czasu stanowi nie tylko miejsce uprawy roślin, ale także centrum społeczności ogrodniczej.Na obszarze ROD znajduje się blisko sto działek, każda z własnym charakterem i osobistym podejściem do ogrodnictwa. Jest to miejsce, gdzie ludzie o różnych doświadczeniach ogrodniczych spotykają się, dzieląc się wiedzą i wzajemnie inspirując do nowych pomysłów Wśród działek znajdują się różnorodne ogrody - od tych pełnych kolorowych kwiatów, przez ogródki warzywne, po miejsca pełne egzotycznych roślin. Ale nie tylko rośliny są tu ważne. Altanki, małe ławeczki, czy nawet małe domki dla narzędzi to często spotykane elementy, które nadają charakter poszczególnym działkom. W ROD we Wrocławiu istnieje swoisty rytm życia. Rankiem można spotkać ogrodników, którzy przychodzą, aby sprawdzić stan swoich upraw, podlać kwiaty czy zebrać świeże warzywa na dzisiejszy obiad. Wieczory są czasem na spacery po alejkach wśród zapachów kwiatów i odgłosów natury. Społeczność ROD jest wyjątkowo zżyta. Organizowane są tu różnorodne wydarzenia - od wspólnych pikników, przez konkursy na najpiękniejsze ogródki, po warsztaty ogrodnicze dla najmłodszych. To miejsce, gdzie sąsiedzi nie tylko pomagają sobie nawzajem, ale także tworzą silne więzi i przyjaźnie. Rodzinny Ogród Działkowy we Wrocławiu to nie tylko zbiór działek, to miejsce, gdzie rośnie coś więcej niż tylko rośliny - rozwija się tu społeczność, wzajemna pomoc i pasja do ogrodnictwa."}}, {"model": "rodManager.notification", "pk": 1, "fields": {"user": 1, "type": "info", "date": "2023-12-11T00:00:00Z", "text": "string", "is_read": true, "is_email_sent": false}}, {"model": "rodManager.notification", "pk": 2, "fields": {"user": 1, "type": "info", "date": "2023-12-11T00:00:00Z", "text": "string", "is_read": false, "is_email_sent": false}}, {"model": "rodManager.notification", "pk": 3, "fields": {"user": 38, "type": "Info", "date": "2023-12-14T05:00:34.246Z", "text": "Rozpoczął się nowy okres rozliczeniowy. Prosimy o wpłatę należności.", "is_read": false, "is_email_sent": false}}, {"model": "rodManager.notification", "pk": 4, "fields": {"user": 38, "type": "Info", "date": "2023-12-14T05:01:23.298Z", "text": "Rozpoczął się nowy okres rozliczeniowy. Prosimy o wpłatę należności.", "is_read": false, "is_email_sent": false}}, {"model": "rodManager.notification", "pk": 5, "fields": {"user": 1, "type": "Info", "date": "2023-12-14T05:01:25.318Z", "text": "Rozpoczął się nowy okres rozliczeniowy. Prosimy o wpłatę należności.", "is_read": false, "is_email_sent": false}}, {"model": "rodManager.notification", "pk": 6, "fields": {"user": 30, "type": "Info", "date": "2023-12-14T05:01:27.039Z", "text": "Rozpoczął się nowy okres rozliczeniowy. Prosimy o wpłatę należności.", "is_read": false, "is_email_sent": false}}, {"model": "rodManager.notification", "pk": 7, "fields": {"user": 12, "type": "Info", "date": "2023-12-14T05:01:28.903Z", "text": "Rozpoczął się nowy okres rozliczeniowy. Prosimy o wpłatę należności.", "is_read": false, "is_email_sent": false}}, {"model": "rodManager.notification", "pk": 8, "fields": {"user": 37, "type": "Info", "date": "2023-12-14T05:01:30.302Z", "text": "Rozpoczął się nowy okres rozliczeniowy. Prosimy o wpłatę należności.", "is_read": false, "is_email_sent": false}}, {"model": "rodManager.notification", "pk": 9, "fields": {"user": 17, "type": "Info", "date": "2023-12-14T05:01:31.647Z", "text": "Rozpoczął się nowy okres rozliczeniowy. Prosimy o wpłatę należności.", "is_read": false, "is_email_sent": false}}, {"model": "rodManager.notification", "pk": 10, "fields": {"user": 16, "type": "Info", "date": "2023-12-14T05:01:33.560Z", "text": "Rozpoczął się nowy okres rozliczeniowy. Prosimy o wpłatę należności.", "is_read": false, "is_email_sent": false}}, {"model": "rodManager.notification", "pk": 11, "fields": {"user": 27, "type": "Info", "date": "2023-12-14T05:01:35.161Z", "text": "Rozpoczął się nowy okres rozliczeniowy. Prosimy o wpłatę należności.", "is_read": false, "is_email_sent": false}}, {"model": "rodManager.notification", "pk": 12, "fields": {"user": 26, "type": "Info", "date": "2023-12-14T05:01:36.951Z", "text": "Rozpoczął się nowy okres rozliczeniowy. Prosimy o wpłatę należności.", "is_read": false, "is_email_sent": false}}, {"model": "rodManager.notification", "pk": 13, "fields": {"user": 14, "type": "Info", "date": "2023-12-14T05:01:38.470Z", "text": "Rozpoczął się nowy okres rozliczeniowy. Prosimy o wpłatę należności.", "is_read": false, "is_email_sent": false}}, {"model": "rodManager.notification", "pk": 14, "fields": {"user": 25, "type": "Info", "date": "2023-12-14T05:01:40.250Z", "text": "Rozpoczął się nowy okres rozliczeniowy. Prosimy o wpłatę należności.", "is_read": false, "is_email_sent": false}}, {"model": "rodManager.notification", "pk": 15, "fields": {"user": 36, "type": "Info", "date": "2023-12-14T05:01:41.671Z", "text": "Rozpoczął się nowy okres rozliczeniowy. Prosimy o wpłatę należności.", "is_read": false, "is_email_sent": false}}, {"model": "rodManager.notification", "pk": 16, "fields": {"user": 20, "type": "Info", "date": "2023-12-14T05:01:43.145Z", "text": "Rozpoczął się nowy okres rozliczeniowy. Prosimy o wpłatę należności.", "is_read": false, "is_email_sent": false}}, {"model": "rodManager.notification", "pk": 17, "fields": {"user": 18, "type": "Info", "date": "2023-12-14T05:01:44.712Z", "text": "Rozpoczął się nowy okres rozliczeniowy. Prosimy o wpłatę należności.", "is_read": false, "is_email_sent": false}}, {"model": "rodManager.notification", "pk": 18, "fields": {"user": 19, "type": "Info", "date": "2023-12-14T05:01:46.355Z", "text": "Rozpoczął się nowy okres rozliczeniowy. Prosimy o wpłatę należności.", "is_read": false, "is_email_sent": false}}, {"model": "rodManager.notification", "pk": 19, "fields": {"user": 3, "type": "Info", "date": "2023-12-14T05:01:47.807Z", "text": "Rozpoczął się nowy okres rozliczeniowy. Prosimy o wpłatę należności.", "is_read": false, "is_email_sent": false}}, {"model": "rodManager.notification", "pk": 20, "fields": {"user": 38, "type": "Info", "date": "2023-12-14T05:08:08.445Z", "text": "Rozpoczął się nowy okres rozliczeniowy. Prosimy o wpłatę należności.", "is_read": false, "is_email_sent": false}}, {"model": "rodManager.notification", "pk": 21, "fields": {"user": 1, "type": "Info", "date": "2023-12-14T05:08:08.890Z", "text": "Rozpoczął się nowy okres rozliczeniowy. Prosimy o wpłatę należności.", "is_read": false, "is_email_sent": false}}, {"model": "rodManager.notification", "pk": 22, "fields": {"user": 30, "type": "Info", "date": "2023-12-14T05:08:09.274Z", "text": "Rozpoczął się nowy okres rozliczeniowy. Prosimy o wpłatę należności.", "is_read": false, "is_email_sent": false}}, {"model": "rodManager.notification", "pk": 23, "fields": {"user": 12, "type": "Info", "date": "2023-12-14T05:08:09.694Z", "text": "Rozpoczął się nowy okres rozliczeniowy. Prosimy o wpłatę należności.", "is_read": false, "is_email_sent": false}}, {"model": "rodManager.notification", "pk": 24, "fields": {"user": 37, "type": "Info", "date": "2023-12-14T05:08:10.051Z", "text": "Rozpoczął się nowy okres rozliczeniowy. Prosimy o wpłatę należności.", "is_read": false, "is_email_sent": false}}, {"model": "rodManager.notification", "pk": 25, "fields": {"user": 17, "type": "Info", "date": "2023-12-14T05:08:10.400Z", "text": "Rozpoczął się nowy okres rozliczeniowy. Prosimy o wpłatę należności.", "is_read": false, "is_email_sent": false}}, {"model": "rodManager.notification", "pk": 26, "fields": {"user": 16, "type": "Info", "date": "2023-12-14T05:08:10.763Z", "text": "Rozpoczął się nowy okres rozliczeniowy. Prosimy o wpłatę należności.", "is_read": false, "is_email_sent": false}}, {"model": "rodManager.notification", "pk": 27, "fields": {"user": 27, "type": "Info", "date": "2023-12-14T05:08:11.151Z", "text": "Rozpoczął się nowy okres rozliczeniowy. Prosimy o wpłatę należności.", "is_read": false, "is_email_sent": false}}, {"model": "rodManager.notification", "pk": 28, "fields": {"user": 26, "type": "Info", "date": "2023-12-14T05:08:11.527Z", "text": "Rozpoczął się nowy okres rozliczeniowy. Prosimy o wpłatę należności.", "is_read": false, "is_email_sent": false}}, {"model": "rodManager.notification", "pk": 29, "fields": {"user": 14, "type": "Info", "date": "2023-12-14T05:08:11.902Z", "text": "Rozpoczął się nowy okres rozliczeniowy. Prosimy o wpłatę należności.", "is_read": false, "is_email_sent": false}}, {"model": "rodManager.notification", "pk": 30, "fields": {"user": 25, "type": "Info", "date": "2023-12-14T05:08:12.219Z", "text": "Rozpoczął się nowy okres rozliczeniowy. Prosimy o wpłatę należności.", "is_read": false, "is_email_sent": false}}, {"model": "rodManager.notification", "pk": 31, "fields": {"user": 36, "type": "Info", "date": "2023-12-14T05:08:12.609Z", "text": "Rozpoczął się nowy okres rozliczeniowy. Prosimy o wpłatę należności.", "is_read": false, "is_email_sent": false}}, {"model": "rodManager.notification", "pk": 32, "fields": {"user": 20, "type": "Info", "date": "2023-12-14T05:08:13.029Z", "text": "Rozpoczął się nowy okres rozliczeniowy. Prosimy o wpłatę należności.", "is_read": false, "is_email_sent": false}}, {"model": "rodManager.notification", "pk": 33, "fields": {"user": 18, "type": "Info", "date": "2023-12-14T05:08:13.467Z", "text": "Rozpoczął się nowy okres rozliczeniowy. Prosimy o wpłatę należności.", "is_read": false, "is_email_sent": false}}, {"model": "rodManager.notification", "pk": 34, "fields": {"user": 19, "type": "Info", "date": "2023-12-14T05:08:13.905Z", "text": "Rozpoczął się nowy okres rozliczeniowy. Prosimy o wpłatę należności.", "is_read": false, "is_email_sent": false}}, {"model": "rodManager.notification", "pk": 35, "fields": {"user": 3, "type": "Info", "date": "2023-12-14T05:08:14.293Z", "text": "Rozpoczął się nowy okres rozliczeniowy. Prosimy o wpłatę należności.", "is_read": false, "is_email_sent": false}}, {"model": "rodManager.notification", "pk": 36, "fields": {"user": 38, "type": "Info", "date": "2023-12-14T05:08:25.129Z", "text": "Rozpoczął się nowy okres rozliczeniowy. Prosimy o wpłatę należności.", "is_read": false, "is_email_sent": false}}, {"model": "rodManager.notification", "pk": 37, "fields": {"user": 1, "type": "Info", "date": "2023-12-14T05:08:25.507Z", "text": "Rozpoczął się nowy okres rozliczeniowy. Prosimy o wpłatę należności.", "is_read": false, "is_email_sent": false}}, {"model": "rodManager.notification", "pk": 38, "fields": {"user": 30, "type": "Info", "date": "2023-12-14T05:08:25.863Z", "text": "Rozpoczął się nowy okres rozliczeniowy. Prosimy o wpłatę należności.", "is_read": false, "is_email_sent": false}}, {"model": "rodManager.notification", "pk": 39, "fields": {"user": 12, "type": "Info", "date": "2023-12-14T05:08:26.173Z", "text": "Rozpoczął się nowy okres rozliczeniowy. Prosimy o wpłatę należności.", "is_read": false, "is_email_sent": false}}, {"model": "rodManager.notification", "pk": 40, "fields": {"user": 37, "type": "Info", "date": "2023-12-14T05:08:26.463Z", "text": "Rozpoczął się nowy okres rozliczeniowy. Prosimy o wpłatę należności.", "is_read": false, "is_email_sent": false}}, {"model": "rodManager.notification", "pk": 41, "fields": {"user": 17, "type": "Info", "date": "2023-12-14T05:08:26.867Z", "text": "Rozpoczął się nowy okres rozliczeniowy. Prosimy o wpłatę należności.", "is_read": false, "is_email_sent": false}}, {"model": "rodManager.notification", "pk": 42, "fields": {"user": 16, "type": "Info", "date": "2023-12-14T05:08:27.299Z", "text": "Rozpoczął się nowy okres rozliczeniowy. Prosimy o wpłatę należności.", "is_read": false, "is_email_sent": false}}, {"model": "rodManager.notification", "pk": 43, "fields": {"user": 27, "type": "Info", "date": "2023-12-14T05:08:27.716Z", "text": "Rozpoczął się nowy okres rozliczeniowy. Prosimy o wpłatę należności.", "is_read": false, "is_email_sent": false}}, {"model": "rodManager.notification", "pk": 44, "fields": {"user": 26, "type": "Info", "date": "2023-12-14T05:08:28.103Z", "text": "Rozpoczął się nowy okres rozliczeniowy. Prosimy o wpłatę należności.", "is_read": false, "is_email_sent": false}}, {"model": "rodManager.notification", "pk": 45, "fields": {"user": 14, "type": "Info", "date": "2023-12-14T05:08:28.461Z", "text": "Rozpoczął się nowy okres rozliczeniowy. Prosimy o wpłatę należności.", "is_read": false, "is_email_sent": false}}, {"model": "rodManager.notification", "pk": 46, "fields": {"user": 25, "type": "Info", "date": "2023-12-14T05:08:28.888Z", "text": "Rozpoczął się nowy okres rozliczeniowy. Prosimy o wpłatę należności.", "is_read": false, "is_email_sent": false}}, {"model": "rodManager.notification", "pk": 47, "fields": {"user": 36, "type": "Info", "date": "2023-12-14T05:08:29.316Z", "text": "Rozpoczął się nowy okres rozliczeniowy. Prosimy o wpłatę należności.", "is_read": false, "is_email_sent": false}}, {"model": "rodManager.notification", "pk": 48, "fields": {"user": 20, "type": "Info", "date": "2023-12-14T05:08:29.666Z", "text": "Rozpoczął się nowy okres rozliczeniowy. Prosimy o wpłatę należności.", "is_read": false, "is_email_sent": false}}, {"model": "rodManager.notification", "pk": 49, "fields": {"user": 18, "type": "Info", "date": "2023-12-14T05:08:30.458Z", "text": "Rozpoczął się nowy okres rozliczeniowy. Prosimy o wpłatę należności.", "is_read": false, "is_email_sent": false}}, {"model": "rodManager.notification", "pk": 50, "fields": {"user": 19, "type": "Info", "date": "2023-12-14T05:08:30.866Z", "text": "Rozpoczął się nowy okres rozliczeniowy. Prosimy o wpłatę należności.", "is_read": false, "is_email_sent": false}}, {"model": "rodManager.notification", "pk": 51, "fields": {"user": 3, "type": "Info", "date": "2023-12-14T05:08:31.296Z", "text": "Rozpoczął się nowy okres rozliczeniowy. Prosimy o wpłatę należności.", "is_read": false, "is_email_sent": false}}, {"model": "rodManager.notification", "pk": 52, "fields": {"user": 38, "type": "Info", "date": "2023-12-14T05:09:45.177Z", "text": "Rozpoczął się nowy okres rozliczeniowy. Prosimy o wpłatę należności.", "is_read": false, "is_email_sent": false}}, {"model": "rodManager.notification", "pk": 53, "fields": {"user": 1, "type": "Info", "date": "2023-12-14T05:09:45.557Z", "text": "Rozpoczął się nowy okres rozliczeniowy. Prosimy o wpłatę należności.", "is_read": false, "is_email_sent": false}}, {"model": "rodManager.notification", "pk": 54, "fields": {"user": 30, "type": "Info", "date": "2023-12-14T05:09:47.197Z", "text": "Rozpoczął się nowy okres rozliczeniowy. Prosimy o wpłatę należności.", "is_read": false, "is_email_sent": false}}, {"model": "rodManager.notification", "pk": 55, "fields": {"user": 12, "type": "Info", "date": "2023-12-14T05:09:47.557Z", "text": "Rozpoczął się nowy okres rozliczeniowy. Prosimy o wpłatę należności.", "is_read": false, "is_email_sent": false}}, {"model": "rodManager.notification", "pk": 56, "fields": {"user": 37, "type": "Info", "date": "2023-12-14T05:09:47.923Z", "text": "Rozpoczął się nowy okres rozliczeniowy. Prosimy o wpłatę należności.", "is_read": false, "is_email_sent": false}}, {"model": "rodManager.notification", "pk": 57, "fields": {"user": 17, "type": "Info", "date": "2023-12-14T05:09:48.306Z", "text": "Rozpoczął się nowy okres rozliczeniowy. Prosimy o wpłatę należności.", "is_read": false, "is_email_sent": false}}, {"model": "rodManager.notification", "pk": 58, "fields": {"user": 16, "type": "Info", "date": "2023-12-14T05:09:48.723Z", "text": "Rozpoczął się nowy okres rozliczeniowy. Prosimy o wpłatę należności.", "is_read": false, "is_email_sent": false}}, {"model": "rodManager.notification", "pk": 59, "fields": {"user": 27, "type": "Info", "date": "2023-12-14T05:09:49.091Z", "text": "Rozpoczął się nowy okres rozliczeniowy. Prosimy o wpłatę należności.", "is_read": false, "is_email_sent": false}}, {"model": "rodManager.notification", "pk": 60, "fields": {"user": 26, "type": "Info", "date": "2023-12-14T05:09:49.506Z", "text": "Rozpoczął się nowy okres rozliczeniowy. Prosimy o wpłatę należności.", "is_read": false, "is_email_sent": false}}, {"model": "rodManager.notification", "pk": 61, "fields": {"user": 14, "type": "Info", "date": "2023-12-14T05:09:49.839Z", "text": "Rozpoczął się nowy okres rozliczeniowy. Prosimy o wpłatę należności.", "is_read": false, "is_email_sent": false}}, {"model": "rodManager.notification", "pk": 62, "fields": {"user": 25, "type": "Info", "date": "2023-12-14T05:09:50.261Z", "text": "Rozpoczął się nowy okres rozliczeniowy. Prosimy o wpłatę należności.", "is_read": false, "is_email_sent": false}}, {"model": "rodManager.notification", "pk": 63, "fields": {"user": 36, "type": "Info", "date": "2023-12-14T05:09:50.670Z", "text": "Rozpoczął się nowy okres rozliczeniowy. Prosimy o wpłatę należności.", "is_read": false, "is_email_sent": false}}, {"model": "rodManager.notification", "pk": 64, "fields": {"user": 20, "type": "Info", "date": "2023-12-14T05:09:51.094Z", "text": "Rozpoczął się nowy okres rozliczeniowy. Prosimy o wpłatę należności.", "is_read": false, "is_email_sent": false}}, {"model": "rodManager.notification", "pk": 65, "fields": {"user": 18, "type": "Info", "date": "2023-12-14T05:09:51.521Z", "text": "Rozpoczął się nowy okres rozliczeniowy. Prosimy o wpłatę należności.", "is_read": false, "is_email_sent": false}}, {"model": "rodManager.notification", "pk": 66, "fields": {"user": 19, "type": "Info", "date": "2023-12-14T05:09:51.928Z", "text": "Rozpoczął się nowy okres rozliczeniowy. Prosimy o wpłatę należności.", "is_read": false, "is_email_sent": false}}, {"model": "rodManager.notification", "pk": 67, "fields": {"user": 3, "type": "Info", "date": "2023-12-14T05:09:52.363Z", "text": "Rozpoczął się nowy okres rozliczeniowy. Prosimy o wpłatę należności.", "is_read": false, "is_email_sent": false}}, {"model": "rodManager.notification", "pk": 68, "fields": {"user": 38, "type": "Info", "date": "2023-12-14T05:15:41.784Z", "text": "Rozpoczął się nowy okres rozliczeniowy. Prosimy o wpłatę należności.", "is_read": false, "is_email_sent": false}}, {"model": "rodManager.notification", "pk": 69, "fields": {"user": 1, "type": "Info", "date": "2023-12-14T05:15:42.196Z", "text": "Rozpoczął się nowy okres rozliczeniowy. Prosimy o wpłatę należności.", "is_read": false, "is_email_sent": false}}, {"model": "rodManager.notification", "pk": 70, "fields": {"user": 30, "type": "Info", "date": "2023-12-14T05:15:43.683Z", "text": "Rozpoczął się nowy okres rozliczeniowy. Prosimy o wpłatę należności.", "is_read": false, "is_email_sent": false}}, {"model": "rodManager.notification", "pk": 71, "fields": {"user": 12, "type": "Info", "date": "2023-12-14T05:15:44.062Z", "text": "Rozpoczął się nowy okres rozliczeniowy. Prosimy o wpłatę należności.", "is_read": false, "is_email_sent": false}}, {"model": "rodManager.notification", "pk": 72, "fields": {"user": 37, "type": "Info", "date": "2023-12-14T05:15:44.456Z", "text": "Rozpoczął się nowy okres rozliczeniowy. Prosimy o wpłatę należności.", "is_read": false, "is_email_sent": false}}, {"model": "rodManager.notification", "pk": 73, "fields": {"user": 17, "type": "Info", "date": "2023-12-14T05:15:44.773Z", "text": "Rozpoczął się nowy okres rozliczeniowy. Prosimy o wpłatę należności.", "is_read": false, "is_email_sent": false}}, {"model": "rodManager.notification", "pk": 74, "fields": {"user": 16, "type": "Info", "date": "2023-12-14T05:15:45.054Z", "text": "Rozpoczął się nowy okres rozliczeniowy. Prosimy o wpłatę należności.", "is_read": false, "is_email_sent": false}}, {"model": "rodManager.notification", "pk": 75, "fields": {"user": 27, "type": "Info", "date": "2023-12-14T05:15:45.408Z", "text": "Rozpoczął się nowy okres rozliczeniowy. Prosimy o wpłatę należności.", "is_read": false, "is_email_sent": false}}, {"model": "rodManager.notification", "pk": 76, "fields": {"user": 26, "type": "Info", "date": "2023-12-14T05:15:45.739Z", "text": "Rozpoczął się nowy okres rozliczeniowy. Prosimy o wpłatę należności.", "is_read": false, "is_email_sent": false}}, {"model": "rodManager.notification", "pk": 77, "fields": {"user": 14, "type": "Info", "date": "2023-12-14T05:15:46.152Z", "text": "Rozpoczął się nowy okres rozliczeniowy. Prosimy o wpłatę należności.", "is_read": false, "is_email_sent": false}}, {"model": "rodManager.notification", "pk": 78, "fields": {"user": 25, "type": "Info", "date": "2023-12-14T05:15:46.535Z", "text": "Rozpoczął się nowy okres rozliczeniowy. Prosimy o wpłatę należności.", "is_read": false, "is_email_sent": false}}, {"model": "rodManager.notification", "pk": 79, "fields": {"user": 36, "type": "Info", "date": "2023-12-14T05:15:46.932Z", "text": "Rozpoczął się nowy okres rozliczeniowy. Prosimy o wpłatę należności.", "is_read": false, "is_email_sent": false}}, {"model": "rodManager.notification", "pk": 80, "fields": {"user": 20, "type": "Info", "date": "2023-12-14T05:15:47.305Z", "text": "Rozpoczął się nowy okres rozliczeniowy. Prosimy o wpłatę należności.", "is_read": false, "is_email_sent": false}}, {"model": "rodManager.notification", "pk": 81, "fields": {"user": 18, "type": "Info", "date": "2023-12-14T05:15:47.640Z", "text": "Rozpoczął się nowy okres rozliczeniowy. Prosimy o wpłatę należności.", "is_read": false, "is_email_sent": false}}, {"model": "rodManager.notification", "pk": 82, "fields": {"user": 19, "type": "Info", "date": "2023-12-14T05:15:48.020Z", "text": "Rozpoczął się nowy okres rozliczeniowy. Prosimy o wpłatę należności.", "is_read": false, "is_email_sent": false}}, {"model": "rodManager.notification", "pk": 83, "fields": {"user": 3, "type": "Info", "date": "2023-12-14T05:15:48.307Z", "text": "Rozpoczął się nowy okres rozliczeniowy. Prosimy o wpłatę należności.", "is_read": false, "is_email_sent": false}}, {"model": "rodManager.notification", "pk": 84, "fields": {"user": 38, "type": "Info", "date": "2023-12-14T05:21:49.974Z", "text": "Rozpoczął się nowy okres rozliczeniowy. Prosimy o wpłatę należności.", "is_read": false, "is_email_sent": false}}, {"model": "rodManager.notification", "pk": 85, "fields": {"user": 1, "type": "Info", "date": "2023-12-14T05:21:50.351Z", "text": "Rozpoczął się nowy okres rozliczeniowy. Prosimy o wpłatę należności.", "is_read": false, "is_email_sent": false}}, {"model": "rodManager.notification", "pk": 86, "fields": {"user": 30, "type": "Info", "date": "2023-12-14T05:21:51.800Z", "text": "Rozpoczął się nowy okres rozliczeniowy. Prosimy o wpłatę należności.", "is_read": false, "is_email_sent": false}}, {"model": "rodManager.notification", "pk": 87, "fields": {"user": 12, "type": "Info", "date": "2023-12-14T05:21:52.070Z", "text": "Rozpoczął się nowy okres rozliczeniowy. Prosimy o wpłatę należności.", "is_read": false, "is_email_sent": false}}, {"model": "rodManager.notification", "pk": 88, "fields": {"user": 37, "type": "Info", "date": "2023-12-14T05:21:52.449Z", "text": "Rozpoczął się nowy okres rozliczeniowy. Prosimy o wpłatę należności.", "is_read": false, "is_email_sent": false}}, {"model": "rodManager.notification", "pk": 89, "fields": {"user": 17, "type": "Info", "date": "2023-12-14T05:21:52.738Z", "text": "Rozpoczął się nowy okres rozliczeniowy. Prosimy o wpłatę należności.", "is_read": false, "is_email_sent": false}}, {"model": "rodManager.notification", "pk": 90, "fields": {"user": 16, "type": "Info", "date": "2023-12-14T05:21:53.081Z", "text": "Rozpoczął się nowy okres rozliczeniowy. Prosimy o wpłatę należności.", "is_read": false, "is_email_sent": false}}, {"model": "rodManager.notification", "pk": 91, "fields": {"user": 27, "type": "Info", "date": "2023-12-14T05:21:53.510Z", "text": "Rozpoczął się nowy okres rozliczeniowy. Prosimy o wpłatę należności.", "is_read": false, "is_email_sent": false}}, {"model": "rodManager.notification", "pk": 92, "fields": {"user": 26, "type": "Info", "date": "2023-12-14T05:21:53.938Z", "text": "Rozpoczął się nowy okres rozliczeniowy. Prosimy o wpłatę należności.", "is_read": false, "is_email_sent": false}}, {"model": "rodManager.notification", "pk": 93, "fields": {"user": 14, "type": "Info", "date": "2023-12-14T05:21:54.389Z", "text": "Rozpoczął się nowy okres rozliczeniowy. Prosimy o wpłatę należności.", "is_read": false, "is_email_sent": false}}, {"model": "rodManager.notification", "pk": 94, "fields": {"user": 25, "type": "Info", "date": "2023-12-14T05:21:54.674Z", "text": "Rozpoczął się nowy okres rozliczeniowy. Prosimy o wpłatę należności.", "is_read": false, "is_email_sent": false}}, {"model": "rodManager.notification", "pk": 95, "fields": {"user": 36, "type": "Info", "date": "2023-12-14T05:21:55.053Z", "text": "Rozpoczął się nowy okres rozliczeniowy. Prosimy o wpłatę należności.", "is_read": false, "is_email_sent": false}}, {"model": "rodManager.notification", "pk": 96, "fields": {"user": 20, "type": "Info", "date": "2023-12-14T05:21:55.419Z", "text": "Rozpoczął się nowy okres rozliczeniowy. Prosimy o wpłatę należności.", "is_read": false, "is_email_sent": false}}, {"model": "rodManager.notification", "pk": 97, "fields": {"user": 18, "type": "Info", "date": "2023-12-14T05:21:55.775Z", "text": "Rozpoczął się nowy okres rozliczeniowy. Prosimy o wpłatę należności.", "is_read": false, "is_email_sent": false}}, {"model": "rodManager.notification", "pk": 98, "fields": {"user": 19, "type": "Info", "date": "2023-12-14T05:21:56.167Z", "text": "Rozpoczął się nowy okres rozliczeniowy. Prosimy o wpłatę należności.", "is_read": false, "is_email_sent": false}}, {"model": "rodManager.notification", "pk": 99, "fields": {"user": 3, "type": "Info", "date": "2023-12-14T05:21:56.479Z", "text": "Rozpoczął się nowy okres rozliczeniowy. Prosimy o wpłatę należności.", "is_read": false, "is_email_sent": false}}, {"model": "rodManager.notification", "pk": 100, "fields": {"user": 38, "type": "Info", "date": "2023-12-14T05:22:58.886Z", "text": "Rozpoczął się nowy okres rozliczeniowy. Prosimy o wpłatę należności.", "is_read": false, "is_email_sent": false}}, {"model": "rodManager.notification", "pk": 101, "fields": {"user": 1, "type": "Info", "date": "2023-12-14T05:22:59.253Z", "text": "Rozpoczął się nowy okres rozliczeniowy. Prosimy o wpłatę należności.", "is_read": false, "is_email_sent": false}}, {"model": "rodManager.notification", "pk": 102, "fields": {"user": 30, "type": "Info", "date": "2023-12-14T05:23:00.901Z", "text": "Rozpoczął się nowy okres rozliczeniowy. Prosimy o wpłatę należności.", "is_read": false, "is_email_sent": false}}, {"model": "rodManager.notification", "pk": 103, "fields": {"user": 12, "type": "Info", "date": "2023-12-14T05:23:01.348Z", "text": "Rozpoczął się nowy okres rozliczeniowy. Prosimy o wpłatę należności.", "is_read": false, "is_email_sent": false}}, {"model": "rodManager.notification", "pk": 104, "fields": {"user": 37, "type": "Info", "date": "2023-12-14T05:23:01.750Z", "text": "Rozpoczął się nowy okres rozliczeniowy. Prosimy o wpłatę należności.", "is_read": false, "is_email_sent": false}}, {"model": "rodManager.notification", "pk": 105, "fields": {"user": 17, "type": "Info", "date": "2023-12-14T05:23:02.203Z", "text": "Rozpoczął się nowy okres rozliczeniowy. Prosimy o wpłatę należności.", "is_read": false, "is_email_sent": false}}, {"model": "rodManager.notification", "pk": 106, "fields": {"user": 16, "type": "Info", "date": "2023-12-14T05:23:02.651Z", "text": "Rozpoczął się nowy okres rozliczeniowy. Prosimy o wpłatę należności.", "is_read": false, "is_email_sent": false}}, {"model": "rodManager.notification", "pk": 107, "fields": {"user": 27, "type": "Info", "date": "2023-12-14T05:23:03.118Z", "text": "Rozpoczął się nowy okres rozliczeniowy. Prosimy o wpłatę należności.", "is_read": false, "is_email_sent": false}}, {"model": "rodManager.notification", "pk": 108, "fields": {"user": 26, "type": "Info", "date": "2023-12-14T05:23:03.551Z", "text": "Rozpoczął się nowy okres rozliczeniowy. Prosimy o wpłatę należności.", "is_read": false, "is_email_sent": false}}, {"model": "rodManager.notification", "pk": 109, "fields": {"user": 14, "type": "Info", "date": "2023-12-14T05:23:03.977Z", "text": "Rozpoczął się nowy okres rozliczeniowy. Prosimy o wpłatę należności.", "is_read": false, "is_email_sent": false}}, {"model": "rodManager.notification", "pk": 110, "fields": {"user": 25, "type": "Info", "date": "2023-12-14T05:23:04.427Z", "text": "Rozpoczął się nowy okres rozliczeniowy. Prosimy o wpłatę należności.", "is_read": false, "is_email_sent": false}}, {"model": "rodManager.notification", "pk": 111, "fields": {"user": 36, "type": "Info", "date": "2023-12-14T05:23:04.877Z", "text": "Rozpoczął się nowy okres rozliczeniowy. Prosimy o wpłatę należności.", "is_read": false, "is_email_sent": false}}, {"model": "rodManager.notification", "pk": 112, "fields": {"user": 20, "type": "Info", "date": "2023-12-14T05:23:05.299Z", "text": "Rozpoczął się nowy okres rozliczeniowy. Prosimy o wpłatę należności.", "is_read": false, "is_email_sent": false}}, {"model": "rodManager.notification", "pk": 113, "fields": {"user": 18, "type": "Info", "date": "2023-12-14T05:23:05.711Z", "text": "Rozpoczął się nowy okres rozliczeniowy. Prosimy o wpłatę należności.", "is_read": false, "is_email_sent": false}}, {"model": "rodManager.notification", "pk": 114, "fields": {"user": 19, "type": "Info", "date": "2023-12-14T05:23:06.157Z", "text": "Rozpoczął się nowy okres rozliczeniowy. Prosimy o wpłatę należności.", "is_read": false, "is_email_sent": false}}, {"model": "rodManager.notification", "pk": 115, "fields": {"user": 3, "type": "Info", "date": "2023-12-14T05:23:06.598Z", "text": "Rozpoczął się nowy okres rozliczeniowy. Prosimy o wpłatę należności.", "is_read": false, "is_email_sent": false}}, {"model": "rodManager.notification", "pk": 116, "fields": {"user": 38, "type": "Info", "date": "2023-12-14T05:24:28.067Z", "text": "Rozpoczął się nowy okres rozliczeniowy. Prosimy o wpłatę należności.", "is_read": false, "is_email_sent": false}}, {"model": "rodManager.notification", "pk": 117, "fields": {"user": 1, "type": "Info", "date": "2023-12-14T05:24:28.452Z", "text": "Rozpoczął się nowy okres rozliczeniowy. Prosimy o wpłatę należności.", "is_read": false, "is_email_sent": false}}, {"model": "rodManager.notification", "pk": 118, "fields": {"user": 30, "type": "Info", "date": "2023-12-14T05:24:30.297Z", "text": "Rozpoczął się nowy okres rozliczeniowy. Prosimy o wpłatę należności.", "is_read": false, "is_email_sent": false}}, {"model": "rodManager.notification", "pk": 119, "fields": {"user": 12, "type": "Info", "date": "2023-12-14T05:24:30.684Z", "text": "Rozpoczął się nowy okres rozliczeniowy. Prosimy o wpłatę należności.", "is_read": false, "is_email_sent": false}}, {"model": "rodManager.notification", "pk": 120, "fields": {"user": 37, "type": "Info", "date": "2023-12-14T05:24:31.069Z", "text": "Rozpoczął się nowy okres rozliczeniowy. Prosimy o wpłatę należności.", "is_read": false, "is_email_sent": false}}, {"model": "rodManager.notification", "pk": 121, "fields": {"user": 17, "type": "Info", "date": "2023-12-14T05:24:31.428Z", "text": "Rozpoczął się nowy okres rozliczeniowy. Prosimy o wpłatę należności.", "is_read": false, "is_email_sent": false}}, {"model": "rodManager.notification", "pk": 122, "fields": {"user": 16, "type": "Info", "date": "2023-12-14T05:24:31.783Z", "text": "Rozpoczął się nowy okres rozliczeniowy. Prosimy o wpłatę należności.", "is_read": false, "is_email_sent": false}}, {"model": "rodManager.notification", "pk": 123, "fields": {"user": 27, "type": "Info", "date": "2023-12-14T05:24:32.089Z", "text": "Rozpoczął się nowy okres rozliczeniowy. Prosimy o wpłatę należności.", "is_read": false, "is_email_sent": false}}, {"model": "rodManager.notification", "pk": 124, "fields": {"user": 26, "type": "Info", "date": "2023-12-14T05:24:32.491Z", "text": "Rozpoczął się nowy okres rozliczeniowy. Prosimy o wpłatę należności.", "is_read": false, "is_email_sent": false}}, {"model": "rodManager.notification", "pk": 125, "fields": {"user": 14, "type": "Info", "date": "2023-12-14T05:24:32.912Z", "text": "Rozpoczął się nowy okres rozliczeniowy. Prosimy o wpłatę należności.", "is_read": false, "is_email_sent": false}}, {"model": "rodManager.notification", "pk": 126, "fields": {"user": 25, "type": "Info", "date": "2023-12-14T05:24:33.268Z", "text": "Rozpoczął się nowy okres rozliczeniowy. Prosimy o wpłatę należności.", "is_read": false, "is_email_sent": false}}, {"model": "rodManager.notification", "pk": 127, "fields": {"user": 36, "type": "Info", "date": "2023-12-14T05:24:33.698Z", "text": "Rozpoczął się nowy okres rozliczeniowy. Prosimy o wpłatę należności.", "is_read": false, "is_email_sent": false}}, {"model": "rodManager.notification", "pk": 128, "fields": {"user": 20, "type": "Info", "date": "2023-12-14T05:24:34.138Z", "text": "Rozpoczął się nowy okres rozliczeniowy. Prosimy o wpłatę należności.", "is_read": false, "is_email_sent": false}}, {"model": "rodManager.notification", "pk": 129, "fields": {"user": 18, "type": "Info", "date": "2023-12-14T05:24:34.463Z", "text": "Rozpoczął się nowy okres rozliczeniowy. Prosimy o wpłatę należności.", "is_read": false, "is_email_sent": false}}, {"model": "rodManager.notification", "pk": 130, "fields": {"user": 19, "type": "Info", "date": "2023-12-14T05:24:34.853Z", "text": "Rozpoczął się nowy okres rozliczeniowy. Prosimy o wpłatę należności.", "is_read": false, "is_email_sent": false}}, {"model": "rodManager.notification", "pk": 131, "fields": {"user": 3, "type": "Info", "date": "2023-12-14T05:24:35.228Z", "text": "Rozpoczął się nowy okres rozliczeniowy. Prosimy o wpłatę należności.", "is_read": false, "is_email_sent": false}}, {"model": "rodManager.notification", "pk": 132, "fields": {"user": 38, "type": "Info", "date": "2023-12-14T06:12:27.154Z", "text": "Rozpoczął się nowy okres rozliczeniowy. Prosimy o wpłatę należności.", "is_read": false, "is_email_sent": false}}, {"model": "rodManager.notification", "pk": 133, "fields": {"user": 1, "type": "Info", "date": "2023-12-14T06:12:27.556Z", "text": "Rozpoczął się nowy okres rozliczeniowy. Prosimy o wpłatę należności.", "is_read": false, "is_email_sent": false}}, {"model": "rodManager.notification", "pk": 134, "fields": {"user": 30, "type": "Info", "date": "2023-12-14T06:12:29.183Z", "text": "Rozpoczął się nowy okres rozliczeniowy. Prosimy o wpłatę należności.", "is_read": false, "is_email_sent": false}}, {"model": "rodManager.notification", "pk": 135, "fields": {"user": 12, "type": "Info", "date": "2023-12-14T06:12:29.494Z", "text": "Rozpoczął się nowy okres rozliczeniowy. Prosimy o wpłatę należności.", "is_read": false, "is_email_sent": false}}, {"model": "rodManager.notification", "pk": 136, "fields": {"user": 37, "type": "Info", "date": "2023-12-14T06:12:29.794Z", "text": "Rozpoczął się nowy okres rozliczeniowy. Prosimy o wpłatę należności.", "is_read": false, "is_email_sent": false}}, {"model": "rodManager.notification", "pk": 137, "fields": {"user": 17, "type": "Info", "date": "2023-12-14T06:12:30.084Z", "text": "Rozpoczął się nowy okres rozliczeniowy. Prosimy o wpłatę należności.", "is_read": false, "is_email_sent": false}}, {"model": "rodManager.notification", "pk": 138, "fields": {"user": 16, "type": "Info", "date": "2023-12-14T06:12:30.376Z", "text": "Rozpoczął się nowy okres rozliczeniowy. Prosimy o wpłatę należności.", "is_read": false, "is_email_sent": false}}, {"model": "rodManager.notification", "pk": 139, "fields": {"user": 27, "type": "Info", "date": "2023-12-14T06:12:30.775Z", "text": "Rozpoczął się nowy okres rozliczeniowy. Prosimy o wpłatę należności.", "is_read": false, "is_email_sent": false}}, {"model": "rodManager.notification", "pk": 140, "fields": {"user": 26, "type": "Info", "date": "2023-12-14T06:12:31.230Z", "text": "Rozpoczął się nowy okres rozliczeniowy. Prosimy o wpłatę należności.", "is_read": false, "is_email_sent": false}}, {"model": "rodManager.notification", "pk": 141, "fields": {"user": 14, "type": "Info", "date": "2023-12-14T06:12:31.694Z", "text": "Rozpoczął się nowy okres rozliczeniowy. Prosimy o wpłatę należności.", "is_read": false, "is_email_sent": false}}, {"model": "rodManager.notification", "pk": 142, "fields": {"user": 25, "type": "Info", "date": "2023-12-14T06:12:32.011Z", "text": "Rozpoczął się nowy okres rozliczeniowy. Prosimy o wpłatę należności.", "is_read": false, "is_email_sent": false}}, {"model": "rodManager.notification", "pk": 143, "fields": {"user": 36, "type": "Info", "date": "2023-12-14T06:12:32.354Z", "text": "Rozpoczął się nowy okres rozliczeniowy. Prosimy o wpłatę należności.", "is_read": false, "is_email_sent": false}}, {"model": "rodManager.notification", "pk": 144, "fields": {"user": 20, "type": "Info", "date": "2023-12-14T06:12:32.697Z", "text": "Rozpoczął się nowy okres rozliczeniowy. Prosimy o wpłatę należności.", "is_read": false, "is_email_sent": false}}, {"model": "rodManager.notification", "pk": 145, "fields": {"user": 18, "type": "Info", "date": "2023-12-14T06:12:33.076Z", "text": "Rozpoczął się nowy okres rozliczeniowy. Prosimy o wpłatę należności.", "is_read": false, "is_email_sent": false}}, {"model": "rodManager.notification", "pk": 146, "fields": {"user": 19, "type": "Info", "date": "2023-12-14T06:12:33.442Z", "text": "Rozpoczął się nowy okres rozliczeniowy. Prosimy o wpłatę należności.", "is_read": false, "is_email_sent": false}}, {"model": "rodManager.notification", "pk": 147, "fields": {"user": 3, "type": "Info", "date": "2023-12-14T06:12:33.866Z", "text": "Rozpoczął się nowy okres rozliczeniowy. Prosimy o wpłatę należności.", "is_read": false, "is_email_sent": false}}, {"model": "rodManager.notification", "pk": 148, "fields": {"user": 38, "type": "Info", "date": "2023-12-14T06:58:27.308Z", "text": "Rozpoczął się nowy okres rozliczeniowy. Prosimy o wpłatę należności.", "is_read": false, "is_email_sent": false}}, {"model": "rodManager.notification", "pk": 149, "fields": {"user": 1, "type": "Info", "date": "2023-12-14T06:58:27.709Z", "text": "Rozpoczął się nowy okres rozliczeniowy. Prosimy o wpłatę należności.", "is_read": false, "is_email_sent": false}}, {"model": "rodManager.notification", "pk": 150, "fields": {"user": 30, "type": "Info", "date": "2023-12-14T06:58:30.140Z", "text": "Rozpoczął się nowy okres rozliczeniowy. Prosimy o wpłatę należności.", "is_read": false, "is_email_sent": false}}, {"model": "rodManager.notification", "pk": 151, "fields": {"user": 12, "type": "Info", "date": "2023-12-14T06:58:30.587Z", "text": "Rozpoczął się nowy okres rozliczeniowy. Prosimy o wpłatę należności.", "is_read": false, "is_email_sent": false}}, {"model": "rodManager.notification", "pk": 152, "fields": {"user": 37, "type": "Info", "date": "2023-12-14T06:58:30.927Z", "text": "Rozpoczął się nowy okres rozliczeniowy. Prosimy o wpłatę należności.", "is_read": false, "is_email_sent": false}}, {"model": "rodManager.notification", "pk": 153, "fields": {"user": 17, "type": "Info", "date": "2023-12-14T06:58:31.356Z", "text": "Rozpoczął się nowy okres rozliczeniowy. Prosimy o wpłatę należności.", "is_read": false, "is_email_sent": false}}, {"model": "rodManager.notification", "pk": 154, "fields": {"user": 16, "type": "Info", "date": "2023-12-14T06:58:31.646Z", "text": "Rozpoczął się nowy okres rozliczeniowy. Prosimy o wpłatę należności.", "is_read": false, "is_email_sent": false}}, {"model": "rodManager.notification", "pk": 155, "fields": {"user": 27, "type": "Info", "date": "2023-12-14T06:58:32.039Z", "text": "Rozpoczął się nowy okres rozliczeniowy. Prosimy o wpłatę należności.", "is_read": false, "is_email_sent": false}}, {"model": "rodManager.notification", "pk": 156, "fields": {"user": 26, "type": "Info", "date": "2023-12-14T06:58:32.278Z", "text": "Rozpoczął się nowy okres rozliczeniowy. Prosimy o wpłatę należności.", "is_read": false, "is_email_sent": false}}, {"model": "rodManager.notification", "pk": 157, "fields": {"user": 14, "type": "Info", "date": "2023-12-14T06:58:32.680Z", "text": "Rozpoczął się nowy okres rozliczeniowy. Prosimy o wpłatę należności.", "is_read": false, "is_email_sent": false}}, {"model": "rodManager.notification", "pk": 158, "fields": {"user": 25, "type": "Info", "date": "2023-12-14T06:58:33.107Z", "text": "Rozpoczął się nowy okres rozliczeniowy. Prosimy o wpłatę należności.", "is_read": false, "is_email_sent": false}}, {"model": "rodManager.notification", "pk": 159, "fields": {"user": 36, "type": "Info", "date": "2023-12-14T06:58:33.492Z", "text": "Rozpoczął się nowy okres rozliczeniowy. Prosimy o wpłatę należności.", "is_read": false, "is_email_sent": false}}, {"model": "rodManager.notification", "pk": 160, "fields": {"user": 20, "type": "Info", "date": "2023-12-14T06:58:33.793Z", "text": "Rozpoczął się nowy okres rozliczeniowy. Prosimy o wpłatę należności.", "is_read": false, "is_email_sent": false}}, {"model": "rodManager.notification", "pk": 161, "fields": {"user": 18, "type": "Info", "date": "2023-12-14T06:58:34.153Z", "text": "Rozpoczął się nowy okres rozliczeniowy. Prosimy o wpłatę należności.", "is_read": false, "is_email_sent": false}}, {"model": "rodManager.notification", "pk": 162, "fields": {"user": 19, "type": "Info", "date": "2023-12-14T06:58:34.460Z", "text": "Rozpoczął się nowy okres rozliczeniowy. Prosimy o wpłatę należności.", "is_read": false, "is_email_sent": false}}, {"model": "rodManager.notification", "pk": 163, "fields": {"user": 3, "type": "Info", "date": "2023-12-14T06:58:34.768Z", "text": "Rozpoczął się nowy okres rozliczeniowy. Prosimy o wpłatę należności.", "is_read": false, "is_email_sent": false}}, {"model": "rodManager.notification", "pk": 164, "fields": {"user": 38, "type": "Info", "date": "2023-12-14T07:00:46.594Z", "text": "Rozpoczął się nowy okres rozliczeniowy. Prosimy o wpłatę należności.", "is_read": false, "is_email_sent": false}}, {"model": "rodManager.notification", "pk": 165, "fields": {"user": 1, "type": "Info", "date": "2023-12-14T07:00:46.789Z", "text": "Rozpoczął się nowy okres rozliczeniowy. Prosimy o wpłatę należności.", "is_read": false, "is_email_sent": false}}, {"model": "rodManager.notification", "pk": 166, "fields": {"user": 30, "type": "Info", "date": "2023-12-14T07:00:49.873Z", "text": "Rozpoczął się nowy okres rozliczeniowy. Prosimy o wpłatę należności.", "is_read": false, "is_email_sent": false}}, {"model": "rodManager.notification", "pk": 167, "fields": {"user": 12, "type": "Info", "date": "2023-12-14T07:00:50.246Z", "text": "Rozpoczął się nowy okres rozliczeniowy. Prosimy o wpłatę należności.", "is_read": false, "is_email_sent": false}}, {"model": "rodManager.notification", "pk": 168, "fields": {"user": 37, "type": "Info", "date": "2023-12-14T07:00:50.586Z", "text": "Rozpoczął się nowy okres rozliczeniowy. Prosimy o wpłatę należności.", "is_read": false, "is_email_sent": false}}, {"model": "rodManager.notification", "pk": 169, "fields": {"user": 17, "type": "Info", "date": "2023-12-14T07:00:50.919Z", "text": "Rozpoczął się nowy okres rozliczeniowy. Prosimy o wpłatę należności.", "is_read": false, "is_email_sent": false}}, {"model": "rodManager.notification", "pk": 170, "fields": {"user": 16, "type": "Info", "date": "2023-12-14T07:00:51.180Z", "text": "Rozpoczął się nowy okres rozliczeniowy. Prosimy o wpłatę należności.", "is_read": false, "is_email_sent": false}}, {"model": "rodManager.notification", "pk": 171, "fields": {"user": 27, "type": "Info", "date": "2023-12-14T07:00:51.573Z", "text": "Rozpoczął się nowy okres rozliczeniowy. Prosimy o wpłatę należności.", "is_read": false, "is_email_sent": false}}, {"model": "rodManager.notification", "pk": 172, "fields": {"user": 26, "type": "Info", "date": "2023-12-14T07:00:52.011Z", "text": "Rozpoczął się nowy okres rozliczeniowy. Prosimy o wpłatę należności.", "is_read": false, "is_email_sent": false}}, {"model": "rodManager.notification", "pk": 173, "fields": {"user": 14, "type": "Info", "date": "2023-12-14T07:00:52.334Z", "text": "Rozpoczął się nowy okres rozliczeniowy. Prosimy o wpłatę należności.", "is_read": false, "is_email_sent": false}}, {"model": "rodManager.notification", "pk": 174, "fields": {"user": 25, "type": "Info", "date": "2023-12-14T07:00:52.705Z", "text": "Rozpoczął się nowy okres rozliczeniowy. Prosimy o wpłatę należności.", "is_read": false, "is_email_sent": false}}, {"model": "rodManager.notification", "pk": 175, "fields": {"user": 36, "type": "Info", "date": "2023-12-14T07:00:52.992Z", "text": "Rozpoczął się nowy okres rozliczeniowy. Prosimy o wpłatę należności.", "is_read": false, "is_email_sent": false}}, {"model": "rodManager.notification", "pk": 176, "fields": {"user": 20, "type": "Info", "date": "2023-12-14T07:00:53.250Z", "text": "Rozpoczął się nowy okres rozliczeniowy. Prosimy o wpłatę należności.", "is_read": false, "is_email_sent": false}}, {"model": "rodManager.notification", "pk": 177, "fields": {"user": 18, "type": "Info", "date": "2023-12-14T07:00:53.615Z", "text": "Rozpoczął się nowy okres rozliczeniowy. Prosimy o wpłatę należności.", "is_read": false, "is_email_sent": false}}, {"model": "rodManager.notification", "pk": 178, "fields": {"user": 19, "type": "Info", "date": "2023-12-14T07:00:53.855Z", "text": "Rozpoczął się nowy okres rozliczeniowy. Prosimy o wpłatę należności.", "is_read": false, "is_email_sent": false}}, {"model": "rodManager.notification", "pk": 179, "fields": {"user": 3, "type": "Info", "date": "2023-12-14T07:00:54.067Z", "text": "Rozpoczął się nowy okres rozliczeniowy. Prosimy o wpłatę należności.", "is_read": false, "is_email_sent": false}}, {"model": "rodManager.notification", "pk": 180, "fields": {"user": 38, "type": "Info", "date": "2023-12-14T07:02:16.474Z", "text": "Rozpoczął się nowy okres rozliczeniowy. Prosimy o wpłatę należności.", "is_read": false, "is_email_sent": false}}, {"model": "rodManager.notification", "pk": 181, "fields": {"user": 1, "type": "Info", "date": "2023-12-14T07:02:16.531Z", "text": "Rozpoczął się nowy okres rozliczeniowy. Prosimy o wpłatę należności.", "is_read": false, "is_email_sent": false}}, {"model": "rodManager.notification", "pk": 182, "fields": {"user": 30, "type": "Info", "date": "2023-12-14T07:02:18.130Z", "text": "Rozpoczął się nowy okres rozliczeniowy. Prosimy o wpłatę należności.", "is_read": false, "is_email_sent": false}}, {"model": "rodManager.notification", "pk": 183, "fields": {"user": 12, "type": "Info", "date": "2023-12-14T07:02:18.197Z", "text": "Rozpoczął się nowy okres rozliczeniowy. Prosimy o wpłatę należności.", "is_read": false, "is_email_sent": false}}, {"model": "rodManager.notification", "pk": 184, "fields": {"user": 37, "type": "Info", "date": "2023-12-14T07:02:18.246Z", "text": "Rozpoczął się nowy okres rozliczeniowy. Prosimy o wpłatę należności.", "is_read": false, "is_email_sent": false}}, {"model": "rodManager.notification", "pk": 185, "fields": {"user": 17, "type": "Info", "date": "2023-12-14T07:02:18.308Z", "text": "Rozpoczął się nowy okres rozliczeniowy. Prosimy o wpłatę należności.", "is_read": false, "is_email_sent": false}}, {"model": "rodManager.notification", "pk": 186, "fields": {"user": 16, "type": "Info", "date": "2023-12-14T07:02:18.373Z", "text": "Rozpoczął się nowy okres rozliczeniowy. Prosimy o wpłatę należności.", "is_read": false, "is_email_sent": false}}, {"model": "rodManager.notification", "pk": 187, "fields": {"user": 27, "type": "Info", "date": "2023-12-14T07:02:18.429Z", "text": "Rozpoczął się nowy okres rozliczeniowy. Prosimy o wpłatę należności.", "is_read": false, "is_email_sent": false}}, {"model": "rodManager.notification", "pk": 188, "fields": {"user": 26, "type": "Info", "date": "2023-12-14T07:02:18.508Z", "text": "Rozpoczął się nowy okres rozliczeniowy. Prosimy o wpłatę należności.", "is_read": false, "is_email_sent": false}}, {"model": "rodManager.notification", "pk": 189, "fields": {"user": 14, "type": "Info", "date": "2023-12-14T07:02:18.586Z", "text": "Rozpoczął się nowy okres rozliczeniowy. Prosimy o wpłatę należności.", "is_read": false, "is_email_sent": false}}, {"model": "rodManager.notification", "pk": 190, "fields": {"user": 25, "type": "Info", "date": "2023-12-14T07:02:18.692Z", "text": "Rozpoczął się nowy okres rozliczeniowy. Prosimy o wpłatę należności.", "is_read": false, "is_email_sent": false}}, {"model": "rodManager.notification", "pk": 191, "fields": {"user": 36, "type": "Info", "date": "2023-12-14T07:02:18.789Z", "text": "Rozpoczął się nowy okres rozliczeniowy. Prosimy o wpłatę należności.", "is_read": false, "is_email_sent": false}}, {"model": "rodManager.notification", "pk": 192, "fields": {"user": 20, "type": "Info", "date": "2023-12-14T07:02:18.864Z", "text": "Rozpoczął się nowy okres rozliczeniowy. Prosimy o wpłatę należności.", "is_read": false, "is_email_sent": false}}, {"model": "rodManager.notification", "pk": 193, "fields": {"user": 18, "type": "Info", "date": "2023-12-14T07:02:18.931Z", "text": "Rozpoczął się nowy okres rozliczeniowy. Prosimy o wpłatę należności.", "is_read": false, "is_email_sent": false}}, {"model": "rodManager.notification", "pk": 194, "fields": {"user": 19, "type": "Info", "date": "2023-12-14T07:02:19.083Z", "text": "Rozpoczął się nowy okres rozliczeniowy. Prosimy o wpłatę należności.", "is_read": false, "is_email_sent": false}}, {"model": "rodManager.notification", "pk": 195, "fields": {"user": 3, "type": "Info", "date": "2023-12-14T07:02:19.146Z", "text": "Rozpoczął się nowy okres rozliczeniowy. Prosimy o wpłatę należności.", "is_read": false, "is_email_sent": false}}, {"model": "rodManager.notification", "pk": 196, "fields": {"user": 38, "type": "Info", "date": "2023-12-14T07:03:27.934Z", "text": "Rozpoczął się nowy okres rozliczeniowy. Prosimy o wpłatę należności.", "is_read": false, "is_email_sent": false}}, {"model": "rodManager.notification", "pk": 197, "fields": {"user": 1, "type": "Info", "date": "2023-12-14T07:03:28.002Z", "text": "Rozpoczął się nowy okres rozliczeniowy. Prosimy o wpłatę należności.", "is_read": false, "is_email_sent": false}}, {"model": "rodManager.notification", "pk": 198, "fields": {"user": 30, "type": "Info", "date": "2023-12-14T07:03:29.969Z", "text": "Rozpoczął się nowy okres rozliczeniowy. Prosimy o wpłatę należności.", "is_read": false, "is_email_sent": false}}, {"model": "rodManager.notification", "pk": 199, "fields": {"user": 12, "type": "Info", "date": "2023-12-14T07:03:30.041Z", "text": "Rozpoczął się nowy okres rozliczeniowy. Prosimy o wpłatę należności.", "is_read": false, "is_email_sent": false}}, {"model": "rodManager.notification", "pk": 200, "fields": {"user": 37, "type": "Info", "date": "2023-12-14T07:03:30.107Z", "text": "Rozpoczął się nowy okres rozliczeniowy. Prosimy o wpłatę należności.", "is_read": false, "is_email_sent": false}}, {"model": "rodManager.notification", "pk": 201, "fields": {"user": 17, "type": "Info", "date": "2023-12-14T07:03:30.197Z", "text": "Rozpoczął się nowy okres rozliczeniowy. Prosimy o wpłatę należności.", "is_read": false, "is_email_sent": false}}, {"model": "rodManager.notification", "pk": 202, "fields": {"user": 16, "type": "Info", "date": "2023-12-14T07:03:30.292Z", "text": "Rozpoczął się nowy okres rozliczeniowy. Prosimy o wpłatę należności.", "is_read": false, "is_email_sent": false}}, {"model": "rodManager.notification", "pk": 203, "fields": {"user": 27, "type": "Info", "date": "2023-12-14T07:03:30.374Z", "text": "Rozpoczął się nowy okres rozliczeniowy. Prosimy o wpłatę należności.", "is_read": false, "is_email_sent": false}}, {"model": "rodManager.notification", "pk": 204, "fields": {"user": 26, "type": "Info", "date": "2023-12-14T07:03:30.445Z", "text": "Rozpoczął się nowy okres rozliczeniowy. Prosimy o wpłatę należności.", "is_read": false, "is_email_sent": false}}, {"model": "rodManager.notification", "pk": 205, "fields": {"user": 14, "type": "Info", "date": "2023-12-14T07:03:30.527Z", "text": "Rozpoczął się nowy okres rozliczeniowy. Prosimy o wpłatę należności.", "is_read": false, "is_email_sent": false}}, {"model": "rodManager.notification", "pk": 206, "fields": {"user": 25, "type": "Info", "date": "2023-12-14T07:03:30.614Z", "text": "Rozpoczął się nowy okres rozliczeniowy. Prosimy o wpłatę należności.", "is_read": false, "is_email_sent": false}}, {"model": "rodManager.notification", "pk": 207, "fields": {"user": 36, "type": "Info", "date": "2023-12-14T07:03:30.691Z", "text": "Rozpoczął się nowy okres rozliczeniowy. Prosimy o wpłatę należności.", "is_read": false, "is_email_sent": false}}, {"model": "rodManager.notification", "pk": 208, "fields": {"user": 20, "type": "Info", "date": "2023-12-14T07:03:30.749Z", "text": "Rozpoczął się nowy okres rozliczeniowy. Prosimy o wpłatę należności.", "is_read": false, "is_email_sent": false}}, {"model": "rodManager.notification", "pk": 209, "fields": {"user": 18, "type": "Info", "date": "2023-12-14T07:03:30.806Z", "text": "Rozpoczął się nowy okres rozliczeniowy. Prosimy o wpłatę należności.", "is_read": false, "is_email_sent": false}}, {"model": "rodManager.notification", "pk": 210, "fields": {"user": 19, "type": "Info", "date": "2023-12-14T07:03:30.882Z", "text": "Rozpoczął się nowy okres rozliczeniowy. Prosimy o wpłatę należności.", "is_read": false, "is_email_sent": false}}, {"model": "rodManager.notification", "pk": 211, "fields": {"user": 3, "type": "Info", "date": "2023-12-14T07:03:30.954Z", "text": "Rozpoczął się nowy okres rozliczeniowy. Prosimy o wpłatę należności.", "is_read": false, "is_email_sent": false}}, {"model": "rodManager.notification", "pk": 212, "fields": {"user": 38, "type": "Info", "date": "2023-12-14T07:25:33.986Z", "text": "Rozpoczął się nowy okres rozliczeniowy. Prosimy o wpłatę należności.", "is_read": false, "is_email_sent": false}}, {"model": "rodManager.notification", "pk": 213, "fields": {"user": 1, "type": "Info", "date": "2023-12-14T07:25:34.061Z", "text": "Rozpoczął się nowy okres rozliczeniowy. Prosimy o wpłatę należności.", "is_read": false, "is_email_sent": false}}, {"model": "rodManager.notification", "pk": 214, "fields": {"user": 30, "type": "Info", "date": "2023-12-14T07:25:37.142Z", "text": "Rozpoczął się nowy okres rozliczeniowy. Prosimy o wpłatę należności.", "is_read": false, "is_email_sent": false}}, {"model": "rodManager.notification", "pk": 215, "fields": {"user": 12, "type": "Info", "date": "2023-12-14T07:25:37.424Z", "text": "Rozpoczął się nowy okres rozliczeniowy. Prosimy o wpłatę należności.", "is_read": false, "is_email_sent": false}}, {"model": "rodManager.notification", "pk": 216, "fields": {"user": 37, "type": "Info", "date": "2023-12-14T07:25:37.752Z", "text": "Rozpoczął się nowy okres rozliczeniowy. Prosimy o wpłatę należności.", "is_read": false, "is_email_sent": false}}, {"model": "rodManager.notification", "pk": 217, "fields": {"user": 17, "type": "Info", "date": "2023-12-14T07:25:37.944Z", "text": "Rozpoczął się nowy okres rozliczeniowy. Prosimy o wpłatę należności.", "is_read": false, "is_email_sent": false}}, {"model": "rodManager.notification", "pk": 218, "fields": {"user": 16, "type": "Info", "date": "2023-12-14T07:25:38.311Z", "text": "Rozpoczął się nowy okres rozliczeniowy. Prosimy o wpłatę należności.", "is_read": false, "is_email_sent": false}}, {"model": "rodManager.notification", "pk": 219, "fields": {"user": 27, "type": "Info", "date": "2023-12-14T07:25:38.554Z", "text": "Rozpoczął się nowy okres rozliczeniowy. Prosimy o wpłatę należności.", "is_read": false, "is_email_sent": false}}, {"model": "rodManager.notification", "pk": 220, "fields": {"user": 26, "type": "Info", "date": "2023-12-14T07:25:38.711Z", "text": "Rozpoczął się nowy okres rozliczeniowy. Prosimy o wpłatę należności.", "is_read": false, "is_email_sent": false}}, {"model": "rodManager.notification", "pk": 221, "fields": {"user": 14, "type": "Info", "date": "2023-12-14T07:25:38.826Z", "text": "Rozpoczął się nowy okres rozliczeniowy. Prosimy o wpłatę należności.", "is_read": false, "is_email_sent": false}}, {"model": "rodManager.notification", "pk": 222, "fields": {"user": 25, "type": "Info", "date": "2023-12-14T07:25:38.942Z", "text": "Rozpoczął się nowy okres rozliczeniowy. Prosimy o wpłatę należności.", "is_read": false, "is_email_sent": false}}, {"model": "rodManager.notification", "pk": 223, "fields": {"user": 36, "type": "Info", "date": "2023-12-14T07:25:39.110Z", "text": "Rozpoczął się nowy okres rozliczeniowy. Prosimy o wpłatę należności.", "is_read": false, "is_email_sent": false}}, {"model": "rodManager.notification", "pk": 224, "fields": {"user": 20, "type": "Info", "date": "2023-12-14T07:25:39.286Z", "text": "Rozpoczął się nowy okres rozliczeniowy. Prosimy o wpłatę należności.", "is_read": false, "is_email_sent": false}}, {"model": "rodManager.notification", "pk": 225, "fields": {"user": 18, "type": "Info", "date": "2023-12-14T07:25:39.366Z", "text": "Rozpoczął się nowy okres rozliczeniowy. Prosimy o wpłatę należności.", "is_read": false, "is_email_sent": false}}, {"model": "rodManager.notification", "pk": 226, "fields": {"user": 19, "type": "Info", "date": "2023-12-14T07:25:39.494Z", "text": "Rozpoczął się nowy okres rozliczeniowy. Prosimy o wpłatę należności.", "is_read": false, "is_email_sent": false}}, {"model": "rodManager.notification", "pk": 227, "fields": {"user": 3, "type": "Info", "date": "2023-12-14T07:25:39.621Z", "text": "Rozpoczął się nowy okres rozliczeniowy. Prosimy o wpłatę należności.", "is_read": false, "is_email_sent": false}}, {"model": "rodManager.notification", "pk": 228, "fields": {"user": 38, "type": "Info", "date": "2023-12-14T17:54:22.459Z", "text": "Rozpoczął się nowy okres rozliczeniowy. Prosimy o wpłatę należności.", "is_read": false, "is_email_sent": false}}, {"model": "rodManager.notification", "pk": 229, "fields": {"user": 1, "type": "Info", "date": "2023-12-14T17:54:22.521Z", "text": "Rozpoczął się nowy okres rozliczeniowy. Prosimy o wpłatę należności.", "is_read": false, "is_email_sent": false}}, {"model": "rodManager.notification", "pk": 230, "fields": {"user": 30, "type": "Info", "date": "2023-12-14T17:54:22.573Z", "text": "Rozpoczął się nowy okres rozliczeniowy. Prosimy o wpłatę należności.", "is_read": false, "is_email_sent": false}}, {"model": "rodManager.notification", "pk": 231, "fields": {"user": 12, "type": "Info", "date": "2023-12-14T17:54:22.635Z", "text": "Rozpoczął się nowy okres rozliczeniowy. Prosimy o wpłatę należności.", "is_read": false, "is_email_sent": false}}, {"model": "rodManager.notification", "pk": 232, "fields": {"user": 37, "type": "Info", "date": "2023-12-14T17:54:22.695Z", "text": "Rozpoczął się nowy okres rozliczeniowy. Prosimy o wpłatę należności.", "is_read": false, "is_email_sent": false}}, {"model": "rodManager.notification", "pk": 233, "fields": {"user": 17, "type": "Info", "date": "2023-12-14T17:54:22.757Z", "text": "Rozpoczął się nowy okres rozliczeniowy. Prosimy o wpłatę należności.", "is_read": false, "is_email_sent": false}}, {"model": "rodManager.notification", "pk": 234, "fields": {"user": 16, "type": "Info", "date": "2023-12-14T17:54:22.837Z", "text": "Rozpoczął się nowy okres rozliczeniowy. Prosimy o wpłatę należności.", "is_read": false, "is_email_sent": false}}, {"model": "rodManager.notification", "pk": 235, "fields": {"user": 27, "type": "Info", "date": "2023-12-14T17:54:22.899Z", "text": "Rozpoczął się nowy okres rozliczeniowy. Prosimy o wpłatę należności.", "is_read": false, "is_email_sent": false}}, {"model": "rodManager.notification", "pk": 236, "fields": {"user": 26, "type": "Info", "date": "2023-12-14T17:54:22.965Z", "text": "Rozpoczął się nowy okres rozliczeniowy. Prosimy o wpłatę należności.", "is_read": false, "is_email_sent": false}}, {"model": "rodManager.notification", "pk": 237, "fields": {"user": 14, "type": "Info", "date": "2023-12-14T17:54:23.048Z", "text": "Rozpoczął się nowy okres rozliczeniowy. Prosimy o wpłatę należności.", "is_read": false, "is_email_sent": false}}, {"model": "rodManager.notification", "pk": 238, "fields": {"user": 25, "type": "Info", "date": "2023-12-14T17:54:23.098Z", "text": "Rozpoczął się nowy okres rozliczeniowy. Prosimy o wpłatę należności.", "is_read": false, "is_email_sent": false}}, {"model": "rodManager.notification", "pk": 239, "fields": {"user": 36, "type": "Info", "date": "2023-12-14T17:54:23.166Z", "text": "Rozpoczął się nowy okres rozliczeniowy. Prosimy o wpłatę należności.", "is_read": false, "is_email_sent": false}}, {"model": "rodManager.notification", "pk": 240, "fields": {"user": 20, "type": "Info", "date": "2023-12-14T17:54:23.220Z", "text": "Rozpoczął się nowy okres rozliczeniowy. Prosimy o wpłatę należności.", "is_read": false, "is_email_sent": false}}, {"model": "rodManager.notification", "pk": 241, "fields": {"user": 18, "type": "Info", "date": "2023-12-14T17:54:23.302Z", "text": "Rozpoczął się nowy okres rozliczeniowy. Prosimy o wpłatę należności.", "is_read": false, "is_email_sent": false}}, {"model": "rodManager.notification", "pk": 242, "fields": {"user": 19, "type": "Info", "date": "2023-12-14T17:54:23.384Z", "text": "Rozpoczął się nowy okres rozliczeniowy. Prosimy o wpłatę należności.", "is_read": false, "is_email_sent": false}}, {"model": "rodManager.notification", "pk": 243, "fields": {"user": 3, "type": "Info", "date": "2023-12-14T17:54:23.464Z", "text": "Rozpoczął się nowy okres rozliczeniowy. Prosimy o wpłatę należności.", "is_read": false, "is_email_sent": false}}, {"model": "rodManager.notification", "pk": 244, "fields": {"user": 38, "type": "Info", "date": "2023-12-14T17:55:29.681Z", "text": "Rozpoczął się nowy okres rozliczeniowy. Prosimy o wpłatę należności.", "is_read": false, "is_email_sent": false}}, {"model": "rodManager.notification", "pk": 245, "fields": {"user": 1, "type": "Info", "date": "2023-12-14T17:55:29.754Z", "text": "Rozpoczął się nowy okres rozliczeniowy. Prosimy o wpłatę należności.", "is_read": false, "is_email_sent": false}}, {"model": "rodManager.notification", "pk": 246, "fields": {"user": 30, "type": "Info", "date": "2023-12-14T17:55:29.817Z", "text": "Rozpoczął się nowy okres rozliczeniowy. Prosimy o wpłatę należności.", "is_read": false, "is_email_sent": false}}, {"model": "rodManager.notification", "pk": 247, "fields": {"user": 12, "type": "Info", "date": "2023-12-14T17:55:29.902Z", "text": "Rozpoczął się nowy okres rozliczeniowy. Prosimy o wpłatę należności.", "is_read": false, "is_email_sent": false}}, {"model": "rodManager.notification", "pk": 248, "fields": {"user": 37, "type": "Info", "date": "2023-12-14T17:55:29.988Z", "text": "Rozpoczął się nowy okres rozliczeniowy. Prosimy o wpłatę należności.", "is_read": false, "is_email_sent": false}}, {"model": "rodManager.notification", "pk": 249, "fields": {"user": 17, "type": "Info", "date": "2023-12-14T17:55:30.076Z", "text": "Rozpoczął się nowy okres rozliczeniowy. Prosimy o wpłatę należności.", "is_read": false, "is_email_sent": false}}, {"model": "rodManager.notification", "pk": 250, "fields": {"user": 16, "type": "Info", "date": "2023-12-14T17:55:30.156Z", "text": "Rozpoczął się nowy okres rozliczeniowy. Prosimy o wpłatę należności.", "is_read": false, "is_email_sent": false}}, {"model": "rodManager.notification", "pk": 251, "fields": {"user": 27, "type": "Info", "date": "2023-12-14T17:55:30.233Z", "text": "Rozpoczął się nowy okres rozliczeniowy. Prosimy o wpłatę należności.", "is_read": false, "is_email_sent": false}}, {"model": "rodManager.notification", "pk": 252, "fields": {"user": 26, "type": "Info", "date": "2023-12-14T17:55:30.313Z", "text": "Rozpoczął się nowy okres rozliczeniowy. Prosimy o wpłatę należności.", "is_read": false, "is_email_sent": false}}, {"model": "rodManager.notification", "pk": 253, "fields": {"user": 14, "type": "Info", "date": "2023-12-14T17:55:30.397Z", "text": "Rozpoczął się nowy okres rozliczeniowy. Prosimy o wpłatę należności.", "is_read": false, "is_email_sent": false}}, {"model": "rodManager.notification", "pk": 254, "fields": {"user": 25, "type": "Info", "date": "2023-12-14T17:55:30.483Z", "text": "Rozpoczął się nowy okres rozliczeniowy. Prosimy o wpłatę należności.", "is_read": false, "is_email_sent": false}}, {"model": "rodManager.notification", "pk": 255, "fields": {"user": 36, "type": "Info", "date": "2023-12-14T17:55:30.557Z", "text": "Rozpoczął się nowy okres rozliczeniowy. Prosimy o wpłatę należności.", "is_read": false, "is_email_sent": false}}, {"model": "rodManager.notification", "pk": 256, "fields": {"user": 20, "type": "Info", "date": "2023-12-14T17:55:30.640Z", "text": "Rozpoczął się nowy okres rozliczeniowy. Prosimy o wpłatę należności.", "is_read": false, "is_email_sent": false}}, {"model": "rodManager.notification", "pk": 257, "fields": {"user": 18, "type": "Info", "date": "2023-12-14T17:55:30.718Z", "text": "Rozpoczął się nowy okres rozliczeniowy. Prosimy o wpłatę należności.", "is_read": false, "is_email_sent": false}}, {"model": "rodManager.notification", "pk": 258, "fields": {"user": 19, "type": "Info", "date": "2023-12-14T17:55:30.800Z", "text": "Rozpoczął się nowy okres rozliczeniowy. Prosimy o wpłatę należności.", "is_read": false, "is_email_sent": false}}, {"model": "rodManager.notification", "pk": 259, "fields": {"user": 3, "type": "Info", "date": "2023-12-14T17:55:30.886Z", "text": "Rozpoczął się nowy okres rozliczeniowy. Prosimy o wpłatę należności.", "is_read": false, "is_email_sent": false}}, {"model": "rodManager.notification", "pk": 260, "fields": {"user": 38, "type": "Info", "date": "2023-12-14T17:56:20.299Z", "text": "Rozpoczął się nowy okres rozliczeniowy. Prosimy o wpłatę należności.", "is_read": false, "is_email_sent": false}}, {"model": "rodManager.notification", "pk": 261, "fields": {"user": 1, "type": "Info", "date": "2023-12-14T17:56:20.362Z", "text": "Rozpoczął się nowy okres rozliczeniowy. Prosimy o wpłatę należności.", "is_read": false, "is_email_sent": false}}, {"model": "rodManager.notification", "pk": 262, "fields": {"user": 30, "type": "Info", "date": "2023-12-14T17:56:20.441Z", "text": "Rozpoczął się nowy okres rozliczeniowy. Prosimy o wpłatę należności.", "is_read": false, "is_email_sent": false}}, {"model": "rodManager.notification", "pk": 263, "fields": {"user": 12, "type": "Info", "date": "2023-12-14T17:56:20.522Z", "text": "Rozpoczął się nowy okres rozliczeniowy. Prosimy o wpłatę należności.", "is_read": false, "is_email_sent": false}}, {"model": "rodManager.notification", "pk": 264, "fields": {"user": 37, "type": "Info", "date": "2023-12-14T17:56:20.622Z", "text": "Rozpoczął się nowy okres rozliczeniowy. Prosimy o wpłatę należności.", "is_read": false, "is_email_sent": false}}, {"model": "rodManager.notification", "pk": 265, "fields": {"user": 17, "type": "Info", "date": "2023-12-14T17:56:20.708Z", "text": "Rozpoczął się nowy okres rozliczeniowy. Prosimy o wpłatę należności.", "is_read": false, "is_email_sent": false}}, {"model": "rodManager.notification", "pk": 266, "fields": {"user": 16, "type": "Info", "date": "2023-12-14T17:56:20.777Z", "text": "Rozpoczął się nowy okres rozliczeniowy. Prosimy o wpłatę należności.", "is_read": false, "is_email_sent": false}}, {"model": "rodManager.notification", "pk": 267, "fields": {"user": 27, "type": "Info", "date": "2023-12-14T17:56:20.843Z", "text": "Rozpoczął się nowy okres rozliczeniowy. Prosimy o wpłatę należności.", "is_read": false, "is_email_sent": false}}, {"model": "rodManager.notification", "pk": 268, "fields": {"user": 26, "type": "Info", "date": "2023-12-14T17:56:20.906Z", "text": "Rozpoczął się nowy okres rozliczeniowy. Prosimy o wpłatę należności.", "is_read": false, "is_email_sent": false}}, {"model": "rodManager.notification", "pk": 269, "fields": {"user": 14, "type": "Info", "date": "2023-12-14T17:56:20.973Z", "text": "Rozpoczął się nowy okres rozliczeniowy. Prosimy o wpłatę należności.", "is_read": false, "is_email_sent": false}}, {"model": "rodManager.notification", "pk": 270, "fields": {"user": 25, "type": "Info", "date": "2023-12-14T17:56:21.047Z", "text": "Rozpoczął się nowy okres rozliczeniowy. Prosimy o wpłatę należności.", "is_read": false, "is_email_sent": false}}, {"model": "rodManager.notification", "pk": 271, "fields": {"user": 36, "type": "Info", "date": "2023-12-14T17:56:21.121Z", "text": "Rozpoczął się nowy okres rozliczeniowy. Prosimy o wpłatę należności.", "is_read": false, "is_email_sent": false}}, {"model": "rodManager.notification", "pk": 272, "fields": {"user": 20, "type": "Info", "date": "2023-12-14T17:56:21.199Z", "text": "Rozpoczął się nowy okres rozliczeniowy. Prosimy o wpłatę należności.", "is_read": false, "is_email_sent": false}}, {"model": "rodManager.notification", "pk": 273, "fields": {"user": 18, "type": "Info", "date": "2023-12-14T17:56:21.268Z", "text": "Rozpoczął się nowy okres rozliczeniowy. Prosimy o wpłatę należności.", "is_read": false, "is_email_sent": false}}, {"model": "rodManager.notification", "pk": 274, "fields": {"user": 19, "type": "Info", "date": "2023-12-14T17:56:21.347Z", "text": "Rozpoczął się nowy okres rozliczeniowy. Prosimy o wpłatę należności.", "is_read": false, "is_email_sent": false}}, {"model": "rodManager.notification", "pk": 275, "fields": {"user": 3, "type": "Info", "date": "2023-12-14T17:56:21.418Z", "text": "Rozpoczął się nowy okres rozliczeniowy. Prosimy o wpłatę należności.", "is_read": false, "is_email_sent": false}}, {"model": "rodManager.notification", "pk": 276, "fields": {"user": 38, "type": "Info", "date": "2023-12-14T17:56:58.167Z", "text": "Rozpoczął się nowy okres rozliczeniowy. Prosimy o wpłatę należności.", "is_read": false, "is_email_sent": false}}, {"model": "rodManager.notification", "pk": 277, "fields": {"user": 1, "type": "Info", "date": "2023-12-14T17:56:58.550Z", "text": "Rozpoczął się nowy okres rozliczeniowy. Prosimy o wpłatę należności.", "is_read": false, "is_email_sent": false}}, {"model": "rodManager.notification", "pk": 278, "fields": {"user": 30, "type": "Info", "date": "2023-12-14T17:56:58.935Z", "text": "Rozpoczął się nowy okres rozliczeniowy. Prosimy o wpłatę należności.", "is_read": false, "is_email_sent": false}}, {"model": "rodManager.notification", "pk": 279, "fields": {"user": 12, "type": "Info", "date": "2023-12-14T17:56:59.403Z", "text": "Rozpoczął się nowy okres rozliczeniowy. Prosimy o wpłatę należności.", "is_read": false, "is_email_sent": false}}, {"model": "rodManager.notification", "pk": 280, "fields": {"user": 37, "type": "Info", "date": "2023-12-14T17:56:59.770Z", "text": "Rozpoczął się nowy okres rozliczeniowy. Prosimy o wpłatę należności.", "is_read": false, "is_email_sent": false}}, {"model": "rodManager.notification", "pk": 281, "fields": {"user": 17, "type": "Info", "date": "2023-12-14T17:57:00.173Z", "text": "Rozpoczął się nowy okres rozliczeniowy. Prosimy o wpłatę należności.", "is_read": false, "is_email_sent": false}}, {"model": "rodManager.notification", "pk": 282, "fields": {"user": 16, "type": "Info", "date": "2023-12-14T17:57:00.591Z", "text": "Rozpoczął się nowy okres rozliczeniowy. Prosimy o wpłatę należności.", "is_read": false, "is_email_sent": false}}, {"model": "rodManager.notification", "pk": 283, "fields": {"user": 27, "type": "Info", "date": "2023-12-14T17:57:00.986Z", "text": "Rozpoczął się nowy okres rozliczeniowy. Prosimy o wpłatę należności.", "is_read": false, "is_email_sent": false}}, {"model": "rodManager.notification", "pk": 284, "fields": {"user": 26, "type": "Info", "date": "2023-12-14T17:57:01.391Z", "text": "Rozpoczął się nowy okres rozliczeniowy. Prosimy o wpłatę należności.", "is_read": false, "is_email_sent": false}}, {"model": "rodManager.notification", "pk": 285, "fields": {"user": 14, "type": "Info", "date": "2023-12-14T17:57:01.731Z", "text": "Rozpoczął się nowy okres rozliczeniowy. Prosimy o wpłatę należności.", "is_read": false, "is_email_sent": false}}, {"model": "rodManager.notification", "pk": 286, "fields": {"user": 25, "type": "Info", "date": "2023-12-14T17:57:02.065Z", "text": "Rozpoczął się nowy okres rozliczeniowy. Prosimy o wpłatę należności.", "is_read": false, "is_email_sent": false}}, {"model": "rodManager.notification", "pk": 287, "fields": {"user": 36, "type": "Info", "date": "2023-12-14T17:57:02.296Z", "text": "Rozpoczął się nowy okres rozliczeniowy. Prosimy o wpłatę należności.", "is_read": false, "is_email_sent": false}}, {"model": "rodManager.notification", "pk": 288, "fields": {"user": 20, "type": "Info", "date": "2023-12-14T17:57:02.561Z", "text": "Rozpoczął się nowy okres rozliczeniowy. Prosimy o wpłatę należności.", "is_read": false, "is_email_sent": false}}, {"model": "rodManager.notification", "pk": 289, "fields": {"user": 18, "type": "Info", "date": "2023-12-14T17:57:02.838Z", "text": "Rozpoczął się nowy okres rozliczeniowy. Prosimy o wpłatę należności.", "is_read": false, "is_email_sent": false}}, {"model": "rodManager.notification", "pk": 290, "fields": {"user": 19, "type": "Info", "date": "2023-12-14T17:57:03.155Z", "text": "Rozpoczął się nowy okres rozliczeniowy. Prosimy o wpłatę należności.", "is_read": false, "is_email_sent": false}}, {"model": "rodManager.notification", "pk": 291, "fields": {"user": 3, "type": "Info", "date": "2023-12-14T17:57:03.471Z", "text": "Rozpoczął się nowy okres rozliczeniowy. Prosimy o wpłatę należności.", "is_read": false, "is_email_sent": false}}, {"model": "rodManager.managerdocument", "pk": 2, "fields": {"name": "Umowy", "parent": null, "file": ""}}, {"model": "rodManager.managerdocument", "pk": 3, "fields": {"name": "Wywóz śmieci", "parent": 2, "file": "managerdocuments/Załacznik_nr_10_-_wzór_umowa__na_wywóz__odpadów.pdf"}}, {"model": "rodManager.userdocument", "pk": 8, "fields": {"user": 38, "name": "Dokument Dzierżawy", "parent": null, "file": "userdocuments/UMOWA_DZIERŻAWY_wzór.pdf"}}, {"model": "rodManager.userdocument", "pk": 9, "fields": {"user": 18, "name": "Dokument Dzierżawy2", "parent": null, "file": "userdocuments/UMOWA_DZIERŻAWY_wzór_nrwxFz8.pdf"}}, {"model": "rodManager.userdocument", "pk": 10, "fields": {"user": 25, "name": "Dokument Dzierżawy3", "parent": null, "file": "userdocuments/UMOWA_DZIERŻAWY_wzór_z5Fpa9W.pdf"}}, {"model": "rodManager.userdocument", "pk": 11, "fields": {"user": 8, "name": "Umowa o prace", "parent": null, "file": "userdocuments/umowa-o-prace-wzor-obowiazujacy-od-22022016-r.pdf"}}, {"model": "rodManager.userdocument", "pk": 12, "fields": {"user": 7, "name": "Umowa o prace", "parent": null, "file": "userdocuments/umowa-o-prace-wzor-obowiazujacy-od-22022016-r_MzGRbnj.pdf"}}, {"model": "rodManager.roddocument", "pk": 3, "fields": {"name": "map", "file": "roddocuments/b.webp"}}, {"model": "rodManager.roddocument", "pk": 4, "fields": {"name": "statute", "file": "roddocuments/Regulamin_ROD_2018_-_publik.pdf"}}, {"model": "rodManager.complaint", "pk": 4, "fields": {"title": "Admin mnie bije", "open_date": "2023-12-02T22:43:38.512Z", "close_date": null, "state": "Reported", "user": 7, "manager": 1, "un_read_user": null}}, {"model": "rodManager.complaint", "pk": 14, "fields": {"title": "Styrta", "open_date": "2023-12-05T01:07:21.461Z", "close_date": null, "state": "Reported", "user": 7, "manager": 8, "un_read_user": null}}, {"model": "rodManager.message", "pk": 7, "fields": {"complaint": 4, "author": "USER", "content": "No co tu dużo mówić, admin mnie bije", "creation_date": "2023-12-02T23:09:47.918Z"}}, {"model": "rodManager.message", "pk": 8, "fields": {"complaint": 4, "author": "MANAGER", "content": "ŻE NIBY JA CIĘ BIJE? JAK CIĘ ZNAJDĘ...", "creation_date": "2023-12-02T23:11:12.916Z"}}, {"model": "rodManager.message", "pk": 9, "fields": {"complaint": 4, "author": "USER", "content": "ZAPRASZAM", "creation_date": "2023-12-02T23:11:38.885Z"}}, {"model": "rodManager.message", "pk": 10, "fields": {"complaint": 4, "author": "MANAGER", "content": "IDE", "creation_date": "2023-12-03T00:05:54.494Z"}}, {"model": "rodManager.message", "pk": 11, "fields": {"complaint": 14, "author": "MANAGER", "content": "Komenda Policji w Żarach", "creation_date": "2023-12-05T01:09:11.580Z"}}, {"model": "rodManager.message", "pk": 12, "fields": {"complaint": 14, "author": "USER", "content": "Halo, Policja", "creation_date": "2023-12-05T01:09:20.240Z"}}, {"model": "rodManager.message", "pk": 13, "fields": {"complaint": 14, "author": "MANAGER", "content": "Tak, Policja w Żarach", "creation_date": "2023-12-05T01:09:28.242Z"}}, {"model": "rodManager.message", "pk": 14, "fields": {"complaint": 14, "author": "USER", "content": "Proszem pana mówi Hymel Jadwiga, Lipinki Łużyckie, Łączna 43. Łączna tutaj jak sie wjeżdza, zaraz koło poczty objazd TUTAJ. ZGŁASZAM. Wybuch, styrte ktoś nam podpalił styrte.", "creation_date": "2023-12-05T01:09:43.263Z"}}, {"model": "rodManager.message", "pk": 15, "fields": {"complaint": 14, "author": "MANAGER", "content": "Co podpalił?", "creation_date": "2023-12-05T01:09:57.380Z"}}, {"model": "rodManager.message", "pk": 16, "fields": {"complaint": 14, "author": "USER", "content": "Nie wiem kto", "creation_date": "2023-12-05T01:10:05.648Z"}}, {"model": "rodManager.message", "pk": 17, "fields": {"complaint": 14, "author": "MANAGER", "content": "Ale co podpalił?", "creation_date": "2023-12-05T01:10:11.917Z"}}, {"model": "rodManager.message", "pk": 18, "fields": {"complaint": 14, "author": "USER", "content": "No nie wiem kto, ktoś podpalił", "creation_date": "2023-12-05T01:10:19.220Z"}}, {"model": "rodManager.message", "pk": 19, "fields": {"complaint": 14, "author": "MANAGER", "content": "Nie kto tylko co!", "creation_date": "2023-12-05T01:10:25.061Z"}}, {"model": "rodManager.message", "pk": 20, "fields": {"complaint": 14, "author": "USER", "content": "Słucham?", "creation_date": "2023-12-05T01:10:30.853Z"}}, {"model": "rodManager.message", "pk": 21, "fields": {"complaint": 14, "author": "MANAGER", "content": "Co podpalono?", "creation_date": "2023-12-05T01:10:37.137Z"}}, {"model": "rodManager.message", "pk": 22, "fields": {"complaint": 14, "author": "USER", "content": "Mówi Hymel Jadwiga", "creation_date": "2023-12-05T01:10:42.391Z"}}, {"model": "rodManager.message", "pk": 23, "fields": {"complaint": 14, "author": "MANAGER", "content": "Tak, ale co się stało?", "creation_date": "2023-12-05T01:10:48.153Z"}}, {"model": "rodManager.message", "pk": 24, "fields": {"complaint": 14, "author": "USER", "content": "Styrta jest podpalona, i styrta już prawie się dopala.", "creation_date": "2023-12-05T01:10:54.898Z"}}, {"model": "rodManager.message", "pk": 25, "fields": {"complaint": 14, "author": "MANAGER", "content": "Ta siana tak?", "creation_date": "2023-12-05T01:11:02.851Z"}}, {"model": "rodManager.message", "pk": 26, "fields": {"complaint": 14, "author": "USER", "content": "Lipinki Łużyckie, Łączna 43, za pocztą wkoło.", "creation_date": "2023-12-05T01:11:16.760Z"}}, {"model": "rodManager.message", "pk": 27, "fields": {"complaint": 14, "author": "MANAGER", "content": "A straż pożarna jedzie?", "creation_date": "2023-12-05T01:11:26.328Z"}}, {"model": "rodManager.message", "pk": 28, "fields": {"complaint": 14, "author": "USER", "content": "Słucham?", "creation_date": "2023-12-05T01:11:34.013Z"}}, {"model": "rodManager.message", "pk": 29, "fields": {"complaint": 14, "author": "MANAGER", "content": "Straż pożarna!", "creation_date": "2023-12-05T01:11:39.143Z"}}, {"model": "rodManager.message", "pk": 30, "fields": {"complaint": 14, "author": "USER", "content": "No ktoś podpolił ja nie wiem kto.", "creation_date": "2023-12-05T01:11:45.417Z"}}, {"model": "rodManager.message", "pk": 31, "fields": {"complaint": 14, "author": "MANAGER", "content": "A straż pożarna?!", "creation_date": "2023-12-05T01:11:52.626Z"}}, {"model": "rodManager.message", "pk": 32, "fields": {"complaint": 14, "author": "USER", "content": "Słucham?", "creation_date": "2023-12-05T01:11:58.304Z"}}, {"model": "rodManager.message", "pk": 33, "fields": {"complaint": 14, "author": "MANAGER", "content": "Czy straż pożarna powiadomiona jest, czy jedzie?", "creation_date": "2023-12-05T01:12:04.956Z"}}, {"model": "rodManager.message", "pk": 34, "fields": {"complaint": 14, "author": "USER", "content": "Ja nie wiem kto podpalił..... ale ktoś podpalił.", "creation_date": "2023-12-05T01:12:12.934Z"}}, {"model": "rodManager.message", "pk": 35, "fields": {"complaint": 14, "author": "MANAGER", "content": "Siano tak?", "creation_date": "2023-12-05T01:12:18.505Z"}}, {"model": "rodManager.message", "pk": 36, "fields": {"complaint": 14, "author": "USER", "content": "Jest straż........ jest straż. Przyjechała straż.", "creation_date": "2023-12-05T01:12:25.564Z"}}, {"model": "rodManager.message", "pk": 37, "fields": {"complaint": 14, "author": "MANAGER", "content": "Dobrze.", "creation_date": "2023-12-05T01:12:35.416Z"}}, {"model": "rodManager.message", "pk": 38, "fields": {"complaint": 14, "author": "USER", "content": "Ale....", "creation_date": "2023-12-05T01:12:41.908Z"}}, {"model": "rodManager.message", "pk": 39, "fields": {"complaint": 14, "author": "MANAGER", "content": "Jak jest to dobrze, jak jest straż pożarna to dobrze no", "creation_date": "2023-12-05T01:12:49.706Z"}}, {"model": "rodManager.message", "pk": 40, "fields": {"complaint": 14, "author": "USER", "content": "Nie gasi.", "creation_date": "2023-12-05T01:12:53.650Z"}}, {"model": "rodManager.message", "pk": 41, "fields": {"complaint": 14, "author": "MANAGER", "content": "Gasi?!", "creation_date": "2023-12-05T01:12:58.612Z"}}, {"model": "rodManager.message", "pk": 42, "fields": {"complaint": 14, "author": "USER", "content": "Styrta sie dopala. No ja nie wiem Lipinki Łużyckie, Łączna 43.", "creation_date": "2023-12-05T01:13:05.707Z"}}, {"model": "rodManager.message", "pk": 43, "fields": {"complaint": 14, "author": "MANAGER", "content": "No dobrze, jest straż pożarna tam na miejscu?", "creation_date": "2023-12-05T01:13:14.765Z"}}, {"model": "rodManager.message", "pk": 44, "fields": {"complaint": 14, "author": "USER", "content": "Słucham?", "creation_date": "2023-12-05T01:13:19.860Z"}}, {"model": "rodManager.message", "pk": 45, "fields": {"complaint": 14, "author": "MANAGER", "content": "Czy jest tam straż pożarna na miejscu?!", "creation_date": "2023-12-05T01:13:26.186Z"}}, {"model": "rodManager.message", "pk": 46, "fields": {"complaint": 14, "author": "USER", "content": "Na miejscu ja jestem.", "creation_date": "2023-12-05T01:13:31.452Z"}}, {"model": "rodManager.message", "pk": 47, "fields": {"complaint": 14, "author": "MANAGER", "content": "A straż?!", "creation_date": "2023-12-05T01:13:37.884Z"}}, {"model": "rodManager.message", "pk": 48, "fields": {"complaint": 14, "author": "USER", "content": "No syna nie ma w domu.", "creation_date": "2023-12-05T01:13:42.714Z"}}, {"model": "rodManager.message", "pk": 49, "fields": {"complaint": 14, "author": "MANAGER", "content": "...", "creation_date": "2023-12-05T14:54:57.967Z"}}, {"model": "rodManager.record", "pk": 1, "fields": {"meter": "AB123CD456EF789GH", "datetime": "2023-11-09T09:30:11Z", "value": 10.0}}, {"model": "rodManager.record", "pk": 2, "fields": {"meter": "JK567LM890NP123QR", "datetime": "2023-11-09T09:35:45Z", "value": 12.0}}, {"model": "rodManager.record", "pk": 3, "fields": {"meter": "STU456VW789XY012Z", "datetime": "2023-11-09T09:38:04Z", "value": 34.0}}, {"model": "rodManager.record", "pk": 4, "fields": {"meter": "CD123EF456GH789IJ", "datetime": "2023-11-09T10:18:05Z", "value": 56.0}}, {"model": "rodManager.record", "pk": 5, "fields": {"meter": "LM890NP123QR456ST", "datetime": "2023-11-09T10:18:25Z", "value": 32.0}}, {"model": "rodManager.record", "pk": 6, "fields": {"meter": "VW789XY012Z345ABCD", "datetime": "2023-11-09T10:18:44Z", "value": 23.0}}, {"model": "rodManager.record", "pk": 7, "fields": {"meter": "EF456GH789IJ123LMN", "datetime": "2023-11-09T10:18:59Z", "value": 234.0}}, {"model": "rodManager.record", "pk": 8, "fields": {"meter": "NP123QR456ST789UVW", "datetime": "2023-11-09T10:19:12Z", "value": 34.0}}, {"model": "rodManager.record", "pk": 9, "fields": {"meter": "XY012Z345ABCD678EF", "datetime": "2023-11-09T10:21:06Z", "value": 35.0}}, {"model": "rodManager.record", "pk": 10, "fields": {"meter": "GH789IJ123LMN901OP", "datetime": "2023-11-09T10:21:21Z", "value": 34.0}}, {"model": "rodManager.record", "pk": 11, "fields": {"meter": "QR456ST789UVW234XY", "datetime": "2023-11-09T10:21:37Z", "value": 35.0}}, {"model": "rodManager.record", "pk": 12, "fields": {"meter": "Z345ABCD678EF901GH", "datetime": "2023-11-09T10:21:57Z", "value": 34.0}}, {"model": "rodManager.record", "pk": 13, "fields": {"meter": "IJ123LMN901OP234QR", "datetime": "2023-11-09T10:22:12Z", "value": 35.0}}, {"model": "rodManager.record", "pk": 14, "fields": {"meter": "ST789UVW234XY567YZ", "datetime": "2023-11-09T10:22:23Z", "value": 46.0}}, {"model": "rodManager.record", "pk": 15, "fields": {"meter": "ABCD678EF901GH123I", "datetime": "2023-11-09T10:22:53Z", "value": 76.0}}, {"model": "rodManager.record", "pk": 16, "fields": {"meter": "LMN901OP234QR567ST", "datetime": "2023-11-09T10:23:21Z", "value": 57.0}}, {"model": "rodManager.record", "pk": 17, "fields": {"meter": "UVW234XY567YZ890AB", "datetime": "2023-11-09T10:23:51Z", "value": 456.0}}, {"model": "rodManager.record", "pk": 18, "fields": {"meter": "901OP234QR567ST789U", "datetime": "2023-11-09T10:24:23Z", "value": 87.0}}, {"model": "rodManager.record", "pk": 19, "fields": {"meter": "VW234XY567YZ890ABCD", "datetime": "2023-11-09T10:24:39Z", "value": 76.0}}, {"model": "rodManager.record", "pk": 20, "fields": {"meter": "234QR567ST789UVW123E", "datetime": "2023-11-09T10:24:56Z", "value": 97.0}}, {"model": "rodManager.record", "pk": 21, "fields": {"meter": "XY567YZ890ABCD234FG", "datetime": "2023-11-09T10:25:19Z", "value": 12.0}}, {"model": "rodManager.record", "pk": 22, "fields": {"meter": "567ST789UVW123EF456G", "datetime": "2023-11-09T10:25:30Z", "value": 35.0}}, {"model": "rodManager.record", "pk": 23, "fields": {"meter": "OP234QR567ST789IJ901K", "datetime": "2023-11-09T10:25:47Z", "value": 45.0}}, {"model": "rodManager.record", "pk": 24, "fields": {"meter": "QR567ST789UVW123EF456L", "datetime": "2023-11-09T10:26:03Z", "value": 65.0}}, {"model": "rodManager.record", "pk": 25, "fields": {"meter": "789UVW123EF456GH789I", "datetime": "2023-11-09T10:26:22Z", "value": 23.0}}, {"model": "rodManager.record", "pk": 26, "fields": {"meter": "890ABCD234FG567YZ890A", "datetime": "2023-11-09T10:26:34Z", "value": 35.0}}, {"model": "rodManager.record", "pk": 27, "fields": {"meter": "456ST789UVW123EF456GH", "datetime": "2023-11-09T10:59:59Z", "value": 12.0}}, {"model": "rodManager.record", "pk": 28, "fields": {"meter": "123EF456GH789IJ123LMN", "datetime": "2023-11-09T11:03:51Z", "value": 13.0}}, {"model": "rodManager.record", "pk": 29, "fields": {"meter": "234QR567ST789UVW123EF", "datetime": "2023-11-09T11:04:14Z", "value": 10.0}}, {"model": "rodManager.record", "pk": 30, "fields": {"meter": "UVW123EF456GH789IJ123", "datetime": "2023-11-09T11:05:58Z", "value": 100.0}}, {"model": "rodManager.record", "pk": 31, "fields": {"meter": "ST789UVW123EF456GH789", "datetime": "2023-11-09T11:06:29Z", "value": 100.0}}, {"model": "rodManager.record", "pk": 32, "fields": {"meter": "789IJ123LMN901OP234QR", "datetime": "2023-11-09T11:07:01Z", "value": 103.0}}, {"model": "rodManager.record", "pk": 33, "fields": {"meter": "123-456-78", "datetime": "2023-11-09T11:07:53Z", "value": 200.0}}, {"model": "rodManager.record", "pk": 34, "fields": {"meter": "987-654-32", "datetime": "2023-11-09T11:08:07Z", "value": 13.0}}, {"model": "rodManager.record", "pk": 35, "fields": {"meter": "456-789-01", "datetime": "2023-11-09T11:08:19Z", "value": 124.0}}, {"model": "rodManager.record", "pk": 36, "fields": {"meter": "890-123-45", "datetime": "2023-11-09T11:08:32Z", "value": 35.0}}, {"model": "rodManager.record", "pk": 37, "fields": {"meter": "678-901-23", "datetime": "2023-11-09T11:08:45Z", "value": 30.0}}, {"model": "rodManager.record", "pk": 38, "fields": {"meter": "234-567-89", "datetime": "2023-11-09T11:08:56Z", "value": 245.0}}, {"model": "rodManager.record", "pk": 39, "fields": {"meter": "789-012-34", "datetime": "2023-11-09T11:09:09Z", "value": 24.0}}, {"model": "rodManager.record", "pk": 40, "fields": {"meter": "345-678-90", "datetime": "2023-11-09T11:09:19Z", "value": 35.0}}, {"model": "rodManager.record", "pk": 41, "fields": {"meter": "012-345-67", "datetime": "2023-11-09T11:09:29Z", "value": 35.0}}, {"model": "rodManager.record", "pk": 42, "fields": {"meter": "901-234-56", "datetime": "2023-11-09T11:09:44Z", "value": 364.0}}, {"model": "rodManager.record", "pk": 43, "fields": {"meter": "567-890-12", "datetime": "2023-11-09T11:10:15Z", "value": 35.0}}, {"model": "rodManager.record", "pk": 44, "fields": {"meter": "ABCD5678", "datetime": "2023-11-09T11:11:54Z", "value": 35.0}}, {"model": "rodManager.record", "pk": 45, "fields": {"meter": "EFGH9012", "datetime": "2023-11-09T11:12:05Z", "value": 354.0}}, {"model": "rodManager.record", "pk": 46, "fields": {"meter": "IJKL3456", "datetime": "2023-11-09T11:12:16Z", "value": 35.0}}, {"model": "rodManager.record", "pk": 47, "fields": {"meter": "MNOP7890", "datetime": "2023-11-09T11:12:27Z", "value": 35.0}}, {"model": "rodManager.record", "pk": 48, "fields": {"meter": "QRST2345", "datetime": "2023-11-09T11:12:36Z", "value": 35.0}}, {"model": "rodManager.record", "pk": 49, "fields": {"meter": "UVWX6789", "datetime": "2023-11-09T11:12:49Z", "value": 35.0}}, {"model": "rodManager.record", "pk": 50, "fields": {"meter": "YZAB0123", "datetime": "2023-11-09T11:12:57Z", "value": 35.0}}, {"model": "rodManager.record", "pk": 51, "fields": {"meter": "CDEF4567", "datetime": "2023-11-09T11:13:07Z", "value": 46.0}}, {"model": "rodManager.record", "pk": 52, "fields": {"meter": "GHIJ8901", "datetime": "2023-11-09T11:13:17Z", "value": 35.0}}, {"model": "rodManager.record", "pk": 53, "fields": {"meter": "KLMN1234", "datetime": "2023-11-09T11:13:27Z", "value": 35.0}}, {"model": "rodManager.record", "pk": 54, "fields": {"meter": "OPQR5678", "datetime": "2023-11-09T11:13:37Z", "value": 35.0}}, {"model": "rodManager.record", "pk": 55, "fields": {"meter": "STUV9012", "datetime": "2023-11-09T11:13:48Z", "value": 35.0}}, {"model": "rodManager.record", "pk": 56, "fields": {"meter": "WXYZ3456", "datetime": "2023-11-09T11:13:58Z", "value": 35.0}}, {"model": "rodManager.record", "pk": 57, "fields": {"meter": "12345678", "datetime": "2023-11-09T11:14:12Z", "value": 35.0}}, {"model": "rodManager.record", "pk": 58, "fields": {"meter": "90123456", "datetime": "2023-11-09T11:14:22Z", "value": 46.0}}, {"model": "rodManager.record", "pk": 59, "fields": {"meter": "67891234", "datetime": "2023-11-09T11:14:34Z", "value": 35.0}}, {"model": "rodManager.record", "pk": 60, "fields": {"meter": "34567891", "datetime": "2023-11-09T11:14:43Z", "value": 35.0}}, {"model": "rodManager.record", "pk": 61, "fields": {"meter": "01234567", "datetime": "2023-11-09T11:14:56Z", "value": 35.0}}, {"model": "rodManager.record", "pk": 62, "fields": {"meter": "89012345", "datetime": "2023-11-09T11:24:34Z", "value": 43.0}}, {"model": "rodManager.record", "pk": 63, "fields": {"meter": "45678912", "datetime": "2023-11-09T11:24:54Z", "value": 56.0}}, {"model": "rodManager.record", "pk": 64, "fields": {"meter": "45678912", "datetime": "2023-12-09T11:51:34Z", "value": 70.0}}, {"model": "rodManager.record", "pk": 65, "fields": {"meter": "89012345", "datetime": "2023-12-09T11:53:54Z", "value": 60.0}}, {"model": "rodManager.record", "pk": 66, "fields": {"meter": "123-456-78", "datetime": "2023-12-09T11:57:11Z", "value": 300.0}}, {"model": "rodManager.record", "pk": 67, "fields": {"meter": "987-654-32", "datetime": "2023-12-09T11:57:27Z", "value": 50.0}}, {"model": "rodManager.record", "pk": 68, "fields": {"meter": "456-789-01", "datetime": "2023-12-09T11:57:33Z", "value": 160.0}}, {"model": "rodManager.record", "pk": 69, "fields": {"meter": "890-123-45", "datetime": "2023-12-09T11:57:38Z", "value": 60.0}}, {"model": "rodManager.record", "pk": 70, "fields": {"meter": "678-901-23", "datetime": "2023-12-09T11:57:44Z", "value": 50.0}}, {"model": "rodManager.record", "pk": 71, "fields": {"meter": "234-567-89", "datetime": "2023-12-09T11:57:53Z", "value": 345.0}}, {"model": "rodManager.record", "pk": 72, "fields": {"meter": "789-012-34", "datetime": "2023-12-09T11:57:59Z", "value": 50.0}}, {"model": "rodManager.record", "pk": 73, "fields": {"meter": "012-345-67", "datetime": "2023-12-09T11:58:04Z", "value": 70.0}}, {"model": "rodManager.record", "pk": 74, "fields": {"meter": "901-234-56", "datetime": "2023-12-09T11:58:11Z", "value": 464.0}}, {"model": "rodManager.record", "pk": 75, "fields": {"meter": "567-890-12", "datetime": "2023-12-09T11:58:15Z", "value": 80.0}}, {"model": "rodManager.record", "pk": 76, "fields": {"meter": "345-678-90", "datetime": "2023-12-09T11:58:20Z", "value": 80.0}}, {"model": "rodManager.record", "pk": 77, "fields": {"meter": "ABCD5678", "datetime": "2023-12-09T11:58:24Z", "value": 90.0}}, {"model": "rodManager.record", "pk": 78, "fields": {"meter": "IJKL3456", "datetime": "2023-12-09T11:58:31Z", "value": 60.0}}, {"model": "rodManager.record", "pk": 79, "fields": {"meter": "MNOP7890", "datetime": "2023-12-09T11:58:37Z", "value": 99.0}}, {"model": "rodManager.record", "pk": 80, "fields": {"meter": "EFGH9012", "datetime": "2023-12-09T11:58:43Z", "value": 394.0}}, {"model": "rodManager.record", "pk": 81, "fields": {"meter": "QRST2345", "datetime": "2023-12-09T11:58:48Z", "value": 76.0}}, {"model": "rodManager.record", "pk": 82, "fields": {"meter": "UVWX6789", "datetime": "2023-12-09T11:58:52Z", "value": 124.0}}, {"model": "rodManager.record", "pk": 83, "fields": {"meter": "YZAB0123", "datetime": "2023-12-09T11:58:57Z", "value": 244.0}}, {"model": "rodManager.record", "pk": 84, "fields": {"meter": "CDEF4567", "datetime": "2023-12-09T11:59:08Z", "value": 167.0}}, {"model": "rodManager.record", "pk": 85, "fields": {"meter": "GHIJ8901", "datetime": "2023-12-09T11:59:13Z", "value": 135.0}}, {"model": "rodManager.record", "pk": 86, "fields": {"meter": "KLMN1234", "datetime": "2023-12-09T11:59:18Z", "value": 145.0}}, {"model": "rodManager.record", "pk": 87, "fields": {"meter": "OPQR5678", "datetime": "2023-12-09T11:59:24Z", "value": 180.0}}, {"model": "rodManager.record", "pk": 88, "fields": {"meter": "STUV9012", "datetime": "2023-12-09T11:59:30Z", "value": 656.0}}, {"model": "rodManager.record", "pk": 89, "fields": {"meter": "WXYZ3456", "datetime": "2023-12-09T11:59:34Z", "value": 76.0}}, {"model": "rodManager.record", "pk": 90, "fields": {"meter": "67891234", "datetime": "2023-12-09T11:59:38Z", "value": 76.0}}, {"model": "rodManager.record", "pk": 91, "fields": {"meter": "12345678", "datetime": "2023-12-09T11:59:43Z", "value": 54.0}}, {"model": "rodManager.record", "pk": 92, "fields": {"meter": "90123456", "datetime": "2023-12-09T11:59:49Z", "value": 456.0}}, {"model": "rodManager.record", "pk": 93, "fields": {"meter": "34567891", "datetime": "2023-12-09T11:59:54Z", "value": 325.0}}, {"model": "rodManager.record", "pk": 94, "fields": {"meter": "01234567", "datetime": "2023-12-09T12:00:00Z", "value": 135.0}}, {"model": "rodManager.record", "pk": 95, "fields": {"meter": "ST789UVW123EF456GH789", "datetime": "2023-12-09T12:00:05Z", "value": 200.0}}, {"model": "rodManager.record", "pk": 96, "fields": {"meter": "789IJ123LMN901OP234QR", "datetime": "2023-12-09T12:00:09Z", "value": 244.0}}, {"model": "rodManager.record", "pk": 97, "fields": {"meter": "UVW123EF456GH789IJ123", "datetime": "2023-12-09T12:00:13Z", "value": 244.0}}, {"model": "rodManager.record", "pk": 98, "fields": {"meter": "AB123CD456EF789GH", "datetime": "2023-12-09T12:00:17Z", "value": 466.0}}, {"model": "rodManager.record", "pk": 99, "fields": {"meter": "JK567LM890NP123QR", "datetime": "2023-12-09T12:00:21Z", "value": 345.0}}, {"model": "rodManager.record", "pk": 100, "fields": {"meter": "STU456VW789XY012Z", "datetime": "2023-12-09T12:00:26Z", "value": 465.0}}, {"model": "rodManager.record", "pk": 101, "fields": {"meter": "CD123EF456GH789IJ", "datetime": "2023-12-09T12:00:29Z", "value": 466.0}}, {"model": "rodManager.record", "pk": 102, "fields": {"meter": "LM890NP123QR456ST", "datetime": "2023-12-09T12:00:33Z", "value": 455.0}}, {"model": "rodManager.record", "pk": 103, "fields": {"meter": "VW789XY012Z345ABCD", "datetime": "2023-12-09T12:00:37Z", "value": 345.0}}, {"model": "rodManager.record", "pk": 104, "fields": {"meter": "EF456GH789IJ123LMN", "datetime": "2023-12-09T12:00:41Z", "value": 634.0}}, {"model": "rodManager.record", "pk": 105, "fields": {"meter": "XY012Z345ABCD678EF", "datetime": "2023-12-09T12:00:47Z", "value": 354.0}}, {"model": "rodManager.record", "pk": 106, "fields": {"meter": "GH789IJ123LMN901OP", "datetime": "2023-12-09T12:00:52Z", "value": 134.0}}, {"model": "rodManager.record", "pk": 107, "fields": {"meter": "QR456ST789UVW234XY", "datetime": "2023-12-09T12:00:57Z", "value": 235.0}}, {"model": "rodManager.record", "pk": 108, "fields": {"meter": "NP123QR456ST789UVW", "datetime": "2023-12-09T12:01:00Z", "value": 334.0}}, {"model": "rodManager.record", "pk": 109, "fields": {"meter": "Z345ABCD678EF901GH", "datetime": "2023-12-09T12:01:05Z", "value": 334.0}}, {"model": "rodManager.record", "pk": 110, "fields": {"meter": "ST789UVW234XY567YZ", "datetime": "2023-12-09T12:01:10Z", "value": 146.0}}, {"model": "rodManager.record", "pk": 111, "fields": {"meter": "ABCD678EF901GH123I", "datetime": "2023-12-09T12:01:14Z", "value": 176.0}}, {"model": "rodManager.record", "pk": 112, "fields": {"meter": "IJ123LMN901OP234QR", "datetime": "2023-12-09T12:01:19Z", "value": 325.0}}, {"model": "rodManager.record", "pk": 113, "fields": {"meter": "LMN901OP234QR567ST", "datetime": "2023-12-09T12:01:23Z", "value": 157.0}}, {"model": "rodManager.record", "pk": 114, "fields": {"meter": "UVW234XY567YZ890AB", "datetime": "2023-12-09T12:01:29Z", "value": 956.0}}, {"model": "rodManager.record", "pk": 115, "fields": {"meter": "901OP234QR567ST789U", "datetime": "2023-12-09T12:01:35Z", "value": 187.0}}, {"model": "rodManager.record", "pk": 116, "fields": {"meter": "VW234XY567YZ890ABCD", "datetime": "2023-12-09T12:01:40Z", "value": 176.0}}, {"model": "rodManager.record", "pk": 117, "fields": {"meter": "234QR567ST789UVW123E", "datetime": "2023-12-09T12:01:45Z", "value": 197.0}}, {"model": "rodManager.record", "pk": 118, "fields": {"meter": "XY567YZ890ABCD234FG", "datetime": "2023-12-09T12:01:49Z", "value": 122.0}}, {"model": "rodManager.record", "pk": 119, "fields": {"meter": "567ST789UVW123EF456G", "datetime": "2023-12-09T12:01:53Z", "value": 351.0}}, {"model": "rodManager.record", "pk": 120, "fields": {"meter": "OP234QR567ST789IJ901K", "datetime": "2023-12-09T12:01:58Z", "value": 145.0}}, {"model": "rodManager.record", "pk": 121, "fields": {"meter": "QR567ST789UVW123EF456L", "datetime": "2023-12-09T12:02:02Z", "value": 165.0}}, {"model": "rodManager.record", "pk": 122, "fields": {"meter": "456ST789UVW123EF456GH", "datetime": "2023-12-09T12:02:06Z", "value": 112.0}}, {"model": "rodManager.record", "pk": 123, "fields": {"meter": "789UVW123EF456GH789I", "datetime": "2023-12-09T12:02:10Z", "value": 223.0}}, {"model": "rodManager.record", "pk": 124, "fields": {"meter": "890ABCD234FG567YZ890A", "datetime": "2023-12-09T12:02:13Z", "value": 351.0}}, {"model": "rodManager.record", "pk": 125, "fields": {"meter": "123EF456GH789IJ123LMN", "datetime": "2023-12-09T12:02:18Z", "value": 132.0}}, {"model": "rodManager.record", "pk": 126, "fields": {"meter": "234QR567ST789UVW123EF", "datetime": "2023-12-09T12:02:21Z", "value": 101.0}}, {"model": "rodManager.meter", "pk": "012-345-67", "fields": {"type": "woda", "adress": "B, Akacjowa, 21", "garden": 25}}, {"model": "rodManager.meter", "pk": "01234567", "fields": {"type": "woda", "adress": "D, Wiśniowa, 5", "garden": 18}}, {"model": "rodManager.meter", "pk": "123-456-78", "fields": {"type": "woda", "adress": "A, Dębowa, 1", "garden": 1}}, {"model": "rodManager.meter", "pk": "12345678", "fields": {"type": "woda", "adress": "D, Kasztanowa, 2", "garden": 23}}, {"model": "rodManager.meter", "pk": "123EF456GH789IJ123LMN", "fields": {"type": "prąd", "adress": "D, Wiśniowa, 3", "garden": 17}}, {"model": "rodManager.meter", "pk": "234-567-89", "fields": {"type": "woda", "adress": "A, Świerkowa, 2", "garden": 29}}, {"model": "rodManager.meter", "pk": "234QR567ST789UVW123E", "fields": {"type": "prąd", "adress": "C, Jesionowa, 4", "garden": 11}}, {"model": "rodManager.meter", "pk": "234QR567ST789UVW123EF", "fields": {"type": "prąd", "adress": "D, Wiśniowa, 5", "garden": 18}}, {"model": "rodManager.meter", "pk": "345-678-90", "fields": {"type": "woda", "adress": "B, Akacjowa, 5", "garden": 6}}, {"model": "rodManager.meter", "pk": "34567891", "fields": {"type": "woda", "adress": "D, Wiśniowa, 3", "garden": 17}}, {"model": "rodManager.meter", "pk": "456-789-01", "fields": {"type": "woda", "adress": "A, Dębowa, 3", "garden": 3}}, {"model": "rodManager.meter", "pk": "45678912", "fields": {"type": "woda", "adress": "Biuro", "garden": null}}, {"model": "rodManager.meter", "pk": "456ST789UVW123EF456GH", "fields": {"type": "prąd", "adress": "D, Kasztanowa, 12", "garden": 24}}, {"model": "rodManager.meter", "pk": "567-890-12", "fields": {"type": "woda", "adress": "B, Akacjowa, 46", "garden": 22}}, {"model": "rodManager.meter", "pk": "567ST789UVW123EF456G", "fields": {"type": "prąd", "adress": "C, Wiśniowa, 34", "garden": 14}}, {"model": "rodManager.meter", "pk": "678-901-23", "fields": {"type": "woda", "adress": "A, Dębowa, 45", "garden": 28}}, {"model": "rodManager.meter", "pk": "67891234", "fields": {"type": "woda", "adress": "D, Kasztanowa, 12", "garden": 24}}, {"model": "rodManager.meter", "pk": "789-012-34", "fields": {"type": "woda", "adress": "A, Świerkowa, 6", "garden": 4}}, {"model": "rodManager.meter", "pk": "789IJ123LMN901OP234QR", "fields": {"type": "prąd", "adress": "Oświetlenie", "garden": null}}, {"model": "rodManager.meter", "pk": "789UVW123EF456GH789I", "fields": {"type": "prąd", "adress": "D, Kasztanowa, 2", "garden": 23}}, {"model": "rodManager.meter", "pk": "890-123-45", "fields": {"type": "woda", "adress": "A, Dębowa, 34", "garden": 27}}, {"model": "rodManager.meter", "pk": "89012345", "fields": {"type": "woda", "adress": "Toalety", "garden": null}}, {"model": "rodManager.meter", "pk": "890ABCD234FG567YZ890A", "fields": {"type": "prąd", "adress": "D, Kasztanowa, 5", "garden": 16}}, {"model": "rodManager.meter", "pk": "901-234-56", "fields": {"type": "woda", "adress": "B, Akacjowa, 44", "garden": 5}}, {"model": "rodManager.meter", "pk": "90123456", "fields": {"type": "woda", "adress": "D, Kasztanowa, 5", "garden": 16}}, {"model": "rodManager.meter", "pk": "901OP234QR567ST789U", "fields": {"type": "prąd", "adress": "B, Topolowa, 57", "garden": 10}}, {"model": "rodManager.meter", "pk": "987-654-32", "fields": {"type": "woda", "adress": "A, Dębowa, 2", "garden": 2}}, {"model": "rodManager.meter", "pk": "AB123CD456EF789GH", "fields": {"type": "prąd", "adress": "A, Dębowa, 1", "garden": 1}}, {"model": "rodManager.meter", "pk": "ABCD5678", "fields": {"type": "woda", "adress": "B, Brzozowa, 3", "garden": 26}}, {"model": "rodManager.meter", "pk": "ABCD678EF901GH123I", "fields": {"type": "prąd", "adress": "B, Brzozowa, 54", "garden": 8}}, {"model": "rodManager.meter", "pk": "CD123EF456GH789IJ", "fields": {"type": "prąd", "adress": "A, Dębowa, 34", "garden": 27}}, {"model": "rodManager.meter", "pk": "CDEF4567", "fields": {"type": "woda", "adress": "C, Jesionowa, 3", "garden": 12}}, {"model": "rodManager.meter", "pk": "EF456GH789IJ123LMN", "fields": {"type": "prąd", "adress": "A, Świerkowa, 6", "garden": 4}}, {"model": "rodManager.meter", "pk": "EFGH9012", "fields": {"type": "woda", "adress": "B, Brzozowa, 7", "garden": 21}}, {"model": "rodManager.meter", "pk": "GH789IJ123LMN901OP", "fields": {"type": "prąd", "adress": "B, Akacjowa, 44", "garden": 5}}, {"model": "rodManager.meter", "pk": "GHIJ8901", "fields": {"type": "woda", "adress": "C, Jesionowa, 4", "garden": 11}}, {"model": "rodManager.meter", "pk": "IJ123LMN901OP234QR", "fields": {"type": "prąd", "adress": "B, Brzozowa, 7", "garden": 21}}, {"model": "rodManager.meter", "pk": "IJKL3456", "fields": {"type": "woda", "adress": "B, Brzozowa, 45", "garden": 7}}, {"model": "rodManager.meter", "pk": "JK567LM890NP123QR", "fields": {"type": "prąd", "adress": "A, Dębowa, 2", "garden": 2}}, {"model": "rodManager.meter", "pk": "KLMN1234", "fields": {"type": "woda", "adress": "C, Jesionowa, 5", "garden": 19}}, {"model": "rodManager.meter", "pk": "LM890NP123QR456ST", "fields": {"type": "prąd", "adress": "A, Dębowa, 45", "garden": 28}}, {"model": "rodManager.meter", "pk": "LMN901OP234QR567ST", "fields": {"type": "prąd", "adress": "B, Brzozowa, 76", "garden": 20}}, {"model": "rodManager.meter", "pk": "MNOP7890", "fields": {"type": "woda", "adress": "B, Brzozowa, 54", "garden": 8}}, {"model": "rodManager.meter", "pk": "NP123QR456ST789UVW", "fields": {"type": "prąd", "adress": "B, Akacjowa, 5", "garden": 6}}, {"model": "rodManager.meter", "pk": "OP234QR567ST789IJ901K", "fields": {"type": "prąd", "adress": "C, Wiśniowa, 35", "garden": 13}}, {"model": "rodManager.meter", "pk": "OPQR5678", "fields": {"type": "woda", "adress": "C, Wiśniowa, 34", "garden": 14}}, {"model": "rodManager.meter", "pk": "QR456ST789UVW234XY", "fields": {"type": "prąd", "adress": "B, Akacjowa, 46", "garden": 22}}, {"model": "rodManager.meter", "pk": "QR567ST789UVW123EF456L", "fields": {"type": "prąd", "adress": "D, Kasztanowa, 1", "garden": 15}}, {"model": "rodManager.meter", "pk": "QRST2345", "fields": {"type": "woda", "adress": "B, Brzozowa, 76", "garden": 20}}, {"model": "rodManager.meter", "pk": "ST789UVW123EF456GH789", "fields": {"type": "prąd", "adress": "Biuro", "garden": null}}, {"model": "rodManager.meter", "pk": "ST789UVW234XY567YZ", "fields": {"type": "prąd", "adress": "B, Brzozowa, 45", "garden": 7}}, {"model": "rodManager.meter", "pk": "STU456VW789XY012Z", "fields": {"type": "prąd", "adress": "A, Dębowa, 3", "garden": 3}}, {"model": "rodManager.meter", "pk": "STUV9012", "fields": {"type": "woda", "adress": "C, Wiśniowa, 35", "garden": 13}}, {"model": "rodManager.meter", "pk": "UVW123EF456GH789IJ123", "fields": {"type": "prąd", "adress": "Parking", "garden": null}}, {"model": "rodManager.meter", "pk": "UVW234XY567YZ890AB", "fields": {"type": "prąd", "adress": "B, Topolowa, 54", "garden": 9}}, {"model": "rodManager.meter", "pk": "UVWX6789", "fields": {"type": "woda", "adress": "B, Topolowa, 54", "garden": 9}}, {"model": "rodManager.meter", "pk": "VW234XY567YZ890ABCD", "fields": {"type": "prąd", "adress": "C, Jesionowa, 3", "garden": 12}}, {"model": "rodManager.meter", "pk": "VW789XY012Z345ABCD", "fields": {"type": "prąd", "adress": "A, Świerkowa, 2", "garden": 29}}, {"model": "rodManager.meter", "pk": "WXYZ3456", "fields": {"type": "woda", "adress": "D, Kasztanowa, 1", "garden": 15}}, {"model": "rodManager.meter", "pk": "XY012Z345ABCD678EF", "fields": {"type": "prąd", "adress": "B, Akacjowa, 21", "garden": 25}}, {"model": "rodManager.meter", "pk": "XY567YZ890ABCD234FG", "fields": {"type": "prąd", "adress": "C, Jesionowa, 5", "garden": 19}}, {"model": "rodManager.meter", "pk": "YZAB0123", "fields": {"type": "woda", "adress": "B, Topolowa, 57", "garden": 10}}, {"model": "rodManager.meter", "pk": "Z345ABCD678EF901GH", "fields": {"type": "prąd", "adress": "B, Brzozowa, 3", "garden": 26}}]